[    5706ms] [WARNING] Mixed Content: The page at 'https://www.google.com/search?q=best+recent+movies+to+stream+now&oq=best+recent+movies+to+stream&gs_lcrp=EgZjaHJvbWUqBwgAEAAYgAQyBwgAEAAYgAQyBggBEEUYOTIICAIQABgWGB4yCAgDEAAYFhgeMggIBBAAGBYYHjIICAUQABgWGB4yCAgGEAAYFhgeMggIBxAAGBYYHjIICAgQABgWGB4yCAgJEAAYFhge0gEINDMzMGowajeoAgCwAgA&sourceid=chrome&ie=UTF-8' was loaded over HTTPS, but requested an insecure element 'http://img.youtube.com/vi/G2JxsEGLB3w/hqdefault.jpg'. This request was automatically upgraded to HTTPS, For more information see https://blog.chromium.org/2019/10/no-more-mixed-messages-about-https.html @ https://www.google.com/search?q=best+recent+movies+to+stream+now&oq=best+recent+movies+to+stream&gs_lcrp=EgZjaHJvbWUqBwgAEAAYgAQyBwgAEAAYgAQyBggBEEUYOTIICAIQABgWGB4yCAgDEAAYFhgeMggIBBAAGBYYHjIICAUQABgWGB4yCAgGEAAYFhgeMggIBxAAGBYYHjIICAgQABgWGB4yCAgJEAAYFhge0gEINDMzMGowajeoAgCwAgA&sourceid=chrome&ie=UTF-8:55
[    7390ms] [INFO] Autofocus processing was blocked because a document already has a focused element. @ https://www.google.com/search?q=best+recent+movies+to+stream+now&oq=best+recent+movies+to+stream&gs_lcrp=EgZjaHJvbWUqBwgAEAAYgAQyBwgAEAAYgAQyBggBEEUYOTIICAIQABgWGB4yCAgDEAAYFhgeMggIBBAAGBYYHjIICAUQABgWGB4yCAgGEAAYFhgeMggIBxAAGBYYHjIICAgQABgWGB4yCAgJEAAYFhge0gEINDMzMGowajeoAgCwAgA&sourceid=chrome&ie=UTF-8:0
[   44411ms] [ERROR] Failed to load resource: net::ERR_NAME_NOT_RESOLVED @ https://pulse.ecmapps.com/ecm/el/%7B%22pls_client_id%22:%22PLS.1_0_0.NjVmNWNkODgyMzU0NGJiYWJiY2RmNDM2MzY5ZDBkOD.1783210123567%22,%22pls_session_id%22:%22PLS.1_0_0.ZGYzZmEzMmRjYTkzNDdjNmFlYzczYjg0ODc5NzY3Nz.1783210123568.1%22,%22pls_trk_optout%22:false,%22pls_page_view_id%22:%225376d2f8-bb2f-436e-9a08-621c6db72901%22,%22event_id%22:%220e825dab-1cd5-42a8-82b1-545f5ec97354%22,%22event_timestamp%22:1783210123568,%22event_name%22:%22page_load%22,%22event_properties%22:%7B%22href%22:%22https://www.menshealth.com/entertainment/g70113288/best-movies-2026/?utm_source=google&utm_medium=cpc&utm_campaign=mgu_ga_mnh_d_bm_prog_org_us_g70113288&gad_source=1&gad_campaignid=23539275257&gbraid=0AAAAACrVUPmCsw-AXGpSza6PfxWWffG6y&gclid=EAIaIQobChMIv_GWnZ-6lQMVG2lHAR1E_iqeEAAYASAAEgL5Z_D_BwE%22,%22page_title%22:%22The%20108%20Best%20and%20Most%20Anticipated%20Movies%20of%202026%22,%22referrer%22:%22https://www.google.com/%22},%22is_internal_user%22:false,%22cookies%22:{%22_ga%22:%22%22,%22_gid%22:%22%22,%22__gads%22:%22%22,%22_gcl_au%22:%22%22,%22checkout_vtex_com%22:%22%22,%22_ga_clk%22:%22{\%22hid\%22:\%22e5161d2b37ada9e4159179ee7f43f6e2\%22,\%22id\%22:\%22EAIaIQobChMIv_GWnZ-6lQMVG2lHAR1E_iqeEAAYASAAEgL5Z_D_BwE\%22,\%22type\%22:\%22gclid\%22}%22,%22optimizely-user-id%22:%22028cd004-19d4-44e0-8447-4b911681360c%22,%22optimizely-user-attributes%22:%22%7B%22device%22%3A%22desktop%22%2C%22paid_traffic%22%3Atrue%2C%22mylo_login%22%3Afalse%2C%22qa_audience%22%3Anull%2C%22url%22%3A%22www.menshealth.com%2Fentertainment%2Fg70113288%2Fbest-movies-2026%2F%22%2C%22url_params%22%3A%22utm_source%3Dgoogle%26utm_medium%3Dcpc%26utm_campaign%3Dmgu_ga_mnh_d_bm_prog_org_us_g70113288%26gad_source%3D1%26gad_campaignid%3D23539275257%26gbraid%3D0AAAAACrVUPmCsw-AXGpSza6PfxWWffG6y%26gclid%3DEAIaIQobChMIv_GWnZ-6lQMVG2lHAR1E_iqeEAAYASAAEgL5Z_D_BwE%22%2C%22platform%22%3A%22Macintosh%3B%20Intel%20Mac%20OS%20X%2010_15_7%22%2C%22browser%22%3A%22Chrome%22%2C%22browser_language%22%3A%22en%22%2C%22%24opt_user_agent%22%3A%22Mozilla%2F5.0%20(Macintosh%3B%20Intel%20Mac%20OS%20X%2010_15_7)%20AppleWebKit%2F537.36%20(KHTML%2C%20like%20Gecko)%20Chrome%2F149.0.0.0%20Safari%2F537.36%22%2C%22display_type%22%3A%22standard-article%22%2C%22page_type%22%3A%22content%22%7D%22}}:0
[   44466ms] [WARNING] [GSI_LOGGER]: Your client application uses one of the Google One Tap prompt UI status methods that may stop functioning when FedCM becomes mandatory. Refer to the migration guide to update your code accordingly and opt-in to FedCM to test your changes. Learn more: https://developers.google.com/identity/gsi/web/guides/fedcm-migration?s=dc#display_moment and https://developers.google.com/identity/gsi/web/guides/fedcm-migration?s=dc#skipped_moment @ https://accounts.google.com/gsi/client:86
[   44469ms] [ERROR] Not signed in with the identity provider. @ https://www.menshealth.com/entertainment/g70113288/best-movies-2026/?utm_source=google&utm_medium=cpc&utm_campaign=mgu_ga_mnh_d_bm_prog_org_us_g70113288&gad_source=1&gad_campaignid=23539275257&gbraid=0AAAAACrVUPmCsw-AXGpSza6PfxWWffG6y&gclid=EAIaIQobChMIv_GWnZ-6lQMVG2lHAR1E_iqeEAAYASAAEgL5Z_D_BwE:0
[   44570ms] [ERROR] [GSI_LOGGER]: FedCM get() rejects with AbortError: signal is aborted without reason @ https://accounts.google.com/gsi/client:87
[   44801ms] [WARNING] [GPT] PubAdsService.set is deprecated, use googletag.setConfig({adsenseAttributes: ...}) instead.
https://goo.gle/gpt-message#170 @ https://securepubads.g.doubleclick.net/pagead/managed/js/gpt/m202606250101/pubads_impl.js:18
[   44902ms] [WARNING] [GPT] Slot.getTargeting is deprecated, use Slot.getConfig('targeting') instead.
https://goo.gle/gpt-message#201 @ https://securepubads.g.doubleclick.net/pagead/managed/js/gpt/m202606250101/pubads_impl.js:18
[   45088ms] [WARNING] [GPT] Using deprecated googletag.encryptedSignalProviders. Please use googletag.secureSignalProviders instead.
https://goo.gle/gpt-message#155 @ https://securepubads.g.doubleclick.net/pagead/managed/js/gpt/m202606250101/pubads_impl.js:18
[   45137ms] [WARNING] [Meta Pixel] - Invalid parameter format for content_type. Please refer https://developers.facebook.com/docs/meta-pixel/reference/ for valid parameter specifications. @ https://connect.facebook.net/en_US/fbevents.js:187
[   45240ms] [WARNING] [Meta Pixel] - You are attempting to send an unverified event. The event was suppressed. Go to Events Manager to learn more. @ https://connect.facebook.net/en_US/fbevents.js:187
[   46905ms] [ERROR] Failed to load resource: net::ERR_NAME_NOT_RESOLVED @ https://pulse.ecmapps.com/ecm/el/%7B%22pls_client_id%22:%22PLS.1_0_0.NjVmNWNkODgyMzU0NGJiYWJiY2RmNDM2MzY5ZDBkOD.1783210123567%22,%22pls_session_id%22:%22PLS.1_0_0.ZGYzZmEzMmRjYTkzNDdjNmFlYzczYjg0ODc5NzY3Nz.1783210123568.1%22,%22pls_trk_optout%22:false,%22pls_page_view_id%22:%225376d2f8-bb2f-436e-9a08-621c6db72901%22,%22event_id%22:%22467079e9-f15d-4e89-90b4-37c4f58f38a7%22,%22event_timestamp%22:1783210125569,%22event_name%22:%22cookies_updated%22,%22event_properties%22:%7B%7D,%22is_internal_user%22:false,%22cookies%22:%7B%22_ga%22:%22GA1.1.1687629251.1783210125%22,%22_gid%22:%22%22,%22__gads%22:%22%22,%22_gcl_au%22:%221.1.1040593183.1783210125%22,%22checkout_vtex_com%22:%22%22,%22_ga_clk%22:%22%7B/%22hid/%22:/%22e5161d2b37ada9e4159179ee7f43f6e2/%22,/%22id/%22:/%22EAIaIQobChMIv_GWnZ-6lQMVG2lHAR1E_iqeEAAYASAAEgL5Z_D_BwE/%22,/%22type/%22:/%22gclid/%22%7D%22,%22_ga_8675309%22:%22GS2.1.s1783210124$o1$g0$t1783210124$j60$l0$h716701371%22,%22_ga_B0YZ69T7T8%22:%22GS2.1.s1783210125$o1$g0$t1783210125$j60$l0$h0%22,%22optimizely-user-id%22:%22028cd004-19d4-44e0-8447-4b911681360c%22,%22optimizely-user-attributes%22:%22%7B%22device%22%3A%22desktop%22%2C%22paid_traffic%22%3Atrue%2C%22mylo_login%22%3Afalse%2C%22qa_audience%22%3Anull%2C%22url%22%3A%22www.menshealth.com%2Fentertainment%2Fg70113288%2Fbest-movies-2026%2F%22%2C%22url_params%22%3A%22utm_source%3Dgoogle%26utm_medium%3Dcpc%26utm_campaign%3Dmgu_ga_mnh_d_bm_prog_org_us_g70113288%26gad_source%3D1%26gad_campaignid%3D23539275257%26gbraid%3D0AAAAACrVUPmCsw-AXGpSza6PfxWWffG6y%26gclid%3DEAIaIQobChMIv_GWnZ-6lQMVG2lHAR1E_iqeEAAYASAAEgL5Z_D_BwE%22%2C%22platform%22%3A%22Macintosh%3B%20Intel%20Mac%20OS%20X%2010_15_7%22%2C%22browser%22%3A%22Chrome%22%2C%22browser_language%22%3A%22en%22%2C%22%24opt_user_agent%22%3A%22Mozilla%2F5.0%20(Macintosh%3B%20Intel%20Mac%20OS%20X%2010_15_7)%20AppleWebKit%2F537.36%20(KHTML%2C%20like%20Gecko)%20Chrome%2F149.0.0.0%20Safari%2F537.36%22%2C%22display_type%22%3A%22standard-article%22%2C%22page_type%22%3A%22content%22%7D%22,%22optimizelyEndUserId%22:%22oeu1783210123872r0.2225494799350871%22%7D%7D:0
[   47200ms] [WARNING] This ad's html cannot be accessed using the getHtml method on googletag.Slot. Returning the empty string instead. @ https://securepubads.g.doubleclick.net/pagead/managed/js/gpt/m202606250101/pubads_impl.js:18
[   47214ms] [WARNING] This ad's html cannot be accessed using the getHtml method on googletag.Slot. Returning the empty string instead. @ https://securepubads.g.doubleclick.net/pagead/managed/js/gpt/m202606250101/pubads_impl.js:18
[   47223ms] [WARNING] This ad's html cannot be accessed using the getHtml method on googletag.Slot. Returning the empty string instead. @ https://securepubads.g.doubleclick.net/pagead/managed/js/gpt/m202606250101/pubads_impl.js:18
[   47372ms] [INFO] Powered by AMP ⚡ HTML – Version 2605071401000 https://www.menshealth.com/entertainment/g70113288/best-movies-2026/?utm_source=google&utm_medium=cpc&utm_campaign=mgu_ga_mnh_d_bm_prog_org_us_g70113288&gad_source=1&gad_campaignid=23539275257&gbraid=0AAAAACrVUPmCsw-AXGpSza6PfxWWffG6y&gclid=EAIaIQobChMIv_GWnZ-6lQMVG2lHAR1E_iqeEAAYASAAEgL5Z_D_BwE @ https://cdn.ampproject.org/rtv/012605071401000/amp4ads-v0.mjs:1
[   47382ms] [INFO] Powered by AMP ⚡ HTML – Version 2605071401000 https://www.menshealth.com/entertainment/g70113288/best-movies-2026/?utm_source=google&utm_medium=cpc&utm_campaign=mgu_ga_mnh_d_bm_prog_org_us_g70113288&gad_source=1&gad_campaignid=23539275257&gbraid=0AAAAACrVUPmCsw-AXGpSza6PfxWWffG6y&gclid=EAIaIQobChMIv_GWnZ-6lQMVG2lHAR1E_iqeEAAYASAAEgL5Z_D_BwE @ https://cdn.ampproject.org/rtv/012605071401000/amp4ads-v0.mjs:1
[   47387ms] [INFO] Powered by AMP ⚡ HTML – Version 2605071401000 https://www.menshealth.com/entertainment/g70113288/best-movies-2026/?utm_source=google&utm_medium=cpc&utm_campaign=mgu_ga_mnh_d_bm_prog_org_us_g70113288&gad_source=1&gad_campaignid=23539275257&gbraid=0AAAAACrVUPmCsw-AXGpSza6PfxWWffG6y&gclid=EAIaIQobChMIv_GWnZ-6lQMVG2lHAR1E_iqeEAAYASAAEgL5Z_D_BwE @ https://cdn.ampproject.org/rtv/012605071401000/amp4ads-v0.mjs:1
[   47612ms] [ERROR] Attestation check for Shared Storage on https://www.googleadservices.com failed. @ https://www.googleadservices.com/pagead/managed/js/activeview/current/reach_worklet.html:0
[   56578ms] [ERROR] Not signed in with the identity provider. @ https://www.menshealth.com/entertainment/g70113288/best-movies-2026/?utm_source=google&utm_medium=cpc&utm_campaign=mgu_ga_mnh_d_bm_prog_org_us_g70113288&gad_source=1&gad_campaignid=23539275257&gbraid=0AAAAACrVUPmCsw-AXGpSza6PfxWWffG6y&gclid=EAIaIQobChMIv_GWnZ-6lQMVG2lHAR1E_iqeEAAYASAAEgL5Z_D_BwE:0
[   59177ms] [ERROR] [GSI_LOGGER]: FedCM get() rejects with NetworkError: Error retrieving a token. @ https://accounts.google.com/gsi/client:87
[  168328ms] [ERROR] Attestation check for Shared Storage on https://ara.paa-reporting-advertising.amazon failed. @ https://web-cf-event-cell8001.ads.aps.amazon-adsystem.com/e/dtb/admi?b=Acq8nxpNREIUu2c_EkOkgv64hDjDPrlJ06j-5_cdHtj3AAABny-bJpUAAAGfL5skag&rnd=5748388319151783210126462&pp=aroav4&p=c34dfk&crid=579406947291041586:0
[  168329ms] [ERROR] Attestation check for Attribution Reporting on https://ara.paa-reporting-advertising.amazon failed. @ https://www.menshealth.com/entertainment/g70113288/best-movies-2026/?utm_source=google&utm_medium=cpc&utm_campaign=mgu_ga_mnh_d_bm_prog_org_us_g70113288&gad_source=1&gad_campaignid=23539275257&gbraid=0AAAAACrVUPmCsw-AXGpSza6PfxWWffG6y&gclid=EAIaIQobChMIv_GWnZ-6lQMVG2lHAR1E_iqeEAAYASAAEgL5Z_D_BwE:0
[  170008ms] [WARNING] [GPT] Slot gpt_lb_0 rendered inside of the viewport.
https://goo.gle/gpt-message#169 @ https://securepubads.g.doubleclick.net/pagead/managed/js/gpt/m202606250101/pubads_impl.js:18
[  168328ms] [ERROR] Attestation check for Shared Storage on https://ara.paa-reporting-advertising.amazon failed. @ https://web-cf-event-cell8001.ads.aps.amazon-adsystem.com/e/dtb/admi?b=Acq8nxpNREIUu2c_EkOkgv64hDjDPrlJ06j-5_cdHtj3AAABny-bJpUAAAGfL5skag&rnd=5748388319151783210126462&pp=aroav4&p=c34dfk&crid=579406947291041586:0
[   47612ms] [ERROR] Attestation check for Shared Storage on https://www.googleadservices.com failed. @ https://www.googleadservices.com/pagead/managed/js/activeview/current/reach_worklet.html:0
[   47612ms] [ERROR] Attestation check for Shared Storage on https://www.googleadservices.com failed. @ https://www.googleadservices.com/pagead/managed/js/activeview/current/reach_worklet.html:0
[  168328ms] [ERROR] Attestation check for Shared Storage on https://ara.paa-reporting-advertising.amazon failed. @ https://web-cf-event-cell8001.ads.aps.amazon-adsystem.com/e/dtb/admi?b=Acq8nxpNREIUu2c_EkOkgv64hDjDPrlJ06j-5_cdHtj3AAABny-bJpUAAAGfL5skag&rnd=5748388319151783210126462&pp=aroav4&p=c34dfk&crid=579406947291041586:0
[  170144ms] [ERROR] Attestation check for Shared Storage on https://www.googleadservices.com failed. @ https://www.googleadservices.com/pagead/managed/js/activeview/current/reach_worklet.html:0
[  170149ms] [ERROR] Attestation check for Shared Storage on https://www.googleadservices.com failed. @ https://www.googleadservices.com/pagead/managed/js/activeview/current/reach_worklet.html:0
[  174155ms] [ERROR] Attestation check for Attribution Reporting on https://ara.paa-reporting-advertising.amazon failed. @ https://www.menshealth.com/entertainment/g70113288/best-movies-2026/?utm_source=google&utm_medium=cpc&utm_campaign=mgu_ga_mnh_d_bm_prog_org_us_g70113288&gad_source=1&gad_campaignid=23539275257&gbraid=0AAAAACrVUPmCsw-AXGpSza6PfxWWffG6y&gclid=EAIaIQobChMIv_GWnZ-6lQMVG2lHAR1E_iqeEAAYASAAEgL5Z_D_BwE:0
[  174156ms] [ERROR] Attestation check for Shared Storage on https://ara.paa-reporting-advertising.amazon failed. @ https://web-cf-event-cell8001.ads.aps.amazon-adsystem.com/e/dtb/admi?b=AbJMaNFej09sphVHhmRp5SWtd4PEz_xD1LzGNQQQ44W3AAABny-dBfwAAAGfL50ESg&rnd=9697956028931783210249257&pp=aroav4&p=c34dfk&crid=579406947291041586:0
[  174156ms] [ERROR] Attestation check for Attribution Reporting on https://ara.paa-reporting-advertising.amazon failed. @ https://www.menshealth.com/entertainment/g70113288/best-movies-2026/?utm_source=google&utm_medium=cpc&utm_campaign=mgu_ga_mnh_d_bm_prog_org_us_g70113288&gad_source=1&gad_campaignid=23539275257&gbraid=0AAAAACrVUPmCsw-AXGpSza6PfxWWffG6y&gclid=EAIaIQobChMIv_GWnZ-6lQMVG2lHAR1E_iqeEAAYASAAEgL5Z_D_BwE:0
[  174157ms] [ERROR] Attestation check for Shared Storage on https://ara.paa-reporting-advertising.amazon failed. @ https://web-cf-event-cell8001.ads.aps.amazon-adsystem.com/e/dtb/admi?b=Ab2obgDrcECauXqEGvw8aHEOeLUmgWBPBKjJS3T0xzfuAAABny-dBfwAAAGfL50ESg&rnd=4239772491031783210249222&pp=aroav4&p=c34dfk&crid=577119534462925716:0
[   47612ms] [ERROR] Attestation check for Shared Storage on https://www.googleadservices.com failed. @ https://www.googleadservices.com/pagead/managed/js/activeview/current/reach_worklet.html:0
[  170144ms] [ERROR] Attestation check for Shared Storage on https://www.googleadservices.com failed. @ https://www.googleadservices.com/pagead/managed/js/activeview/current/reach_worklet.html:0
[  170149ms] [ERROR] Attestation check for Shared Storage on https://www.googleadservices.com failed. @ https://www.googleadservices.com/pagead/managed/js/activeview/current/reach_worklet.html:0
[  168328ms] [ERROR] Attestation check for Shared Storage on https://ara.paa-reporting-advertising.amazon failed. @ https://web-cf-event-cell8001.ads.aps.amazon-adsystem.com/e/dtb/admi?b=Acq8nxpNREIUu2c_EkOkgv64hDjDPrlJ06j-5_cdHtj3AAABny-bJpUAAAGfL5skag&rnd=5748388319151783210126462&pp=aroav4&p=c34dfk&crid=579406947291041586:0
[  174156ms] [ERROR] Attestation check for Shared Storage on https://ara.paa-reporting-advertising.amazon failed. @ https://web-cf-event-cell8001.ads.aps.amazon-adsystem.com/e/dtb/admi?b=AbJMaNFej09sphVHhmRp5SWtd4PEz_xD1LzGNQQQ44W3AAABny-dBfwAAAGfL50ESg&rnd=9697956028931783210249257&pp=aroav4&p=c34dfk&crid=579406947291041586:0
[  174157ms] [ERROR] Attestation check for Shared Storage on https://ara.paa-reporting-advertising.amazon failed. @ https://web-cf-event-cell8001.ads.aps.amazon-adsystem.com/e/dtb/admi?b=Ab2obgDrcECauXqEGvw8aHEOeLUmgWBPBKjJS3T0xzfuAAABny-dBfwAAAGfL50ESg&rnd=4239772491031783210249222&pp=aroav4&p=c34dfk&crid=577119534462925716:0
[   47612ms] [ERROR] Attestation check for Shared Storage on https://www.googleadservices.com failed. @ https://www.googleadservices.com/pagead/managed/js/activeview/current/reach_worklet.html:0
[  170144ms] [ERROR] Attestation check for Shared Storage on https://www.googleadservices.com failed. @ https://www.googleadservices.com/pagead/managed/js/activeview/current/reach_worklet.html:0
[  170149ms] [ERROR] Attestation check for Shared Storage on https://www.googleadservices.com failed. @ https://www.googleadservices.com/pagead/managed/js/activeview/current/reach_worklet.html:0
[  168328ms] [ERROR] Attestation check for Shared Storage on https://ara.paa-reporting-advertising.amazon failed. @ https://web-cf-event-cell8001.ads.aps.amazon-adsystem.com/e/dtb/admi?b=Acq8nxpNREIUu2c_EkOkgv64hDjDPrlJ06j-5_cdHtj3AAABny-bJpUAAAGfL5skag&rnd=5748388319151783210126462&pp=aroav4&p=c34dfk&crid=579406947291041586:0
[  174156ms] [ERROR] Attestation check for Shared Storage on https://ara.paa-reporting-advertising.amazon failed. @ https://web-cf-event-cell8001.ads.aps.amazon-adsystem.com/e/dtb/admi?b=AbJMaNFej09sphVHhmRp5SWtd4PEz_xD1LzGNQQQ44W3AAABny-dBfwAAAGfL50ESg&rnd=9697956028931783210249257&pp=aroav4&p=c34dfk&crid=579406947291041586:0
[  174157ms] [ERROR] Attestation check for Shared Storage on https://ara.paa-reporting-advertising.amazon failed. @ https://web-cf-event-cell8001.ads.aps.amazon-adsystem.com/e/dtb/admi?b=Ab2obgDrcECauXqEGvw8aHEOeLUmgWBPBKjJS3T0xzfuAAABny-dBfwAAAGfL50ESg&rnd=4239772491031783210249222&pp=aroav4&p=c34dfk&crid=577119534462925716:0
[  175174ms] [ERROR] Attestation check for Shared Storage on https://www.googleadservices.com failed. @ https://www.googleadservices.com/pagead/managed/js/activeview/current/reach_worklet.html:0
[  175175ms] [ERROR] Attestation check for Shared Storage on https://www.googleadservices.com failed. @ https://www.googleadservices.com/pagead/managed/js/activeview/current/reach_worklet.html:0
[  177569ms] [ERROR] Attestation check for Attribution Reporting on https://ara.paa-reporting-advertising.amazon failed. @ https://www.menshealth.com/entertainment/g70113288/best-movies-2026/?utm_source=google&utm_medium=cpc&utm_campaign=mgu_ga_mnh_d_bm_prog_org_us_g70113288&gad_source=1&gad_campaignid=23539275257&gbraid=0AAAAACrVUPmCsw-AXGpSza6PfxWWffG6y&gclid=EAIaIQobChMIv_GWnZ-6lQMVG2lHAR1E_iqeEAAYASAAEgL5Z_D_BwE:0
[  177569ms] [ERROR] Attestation check for Shared Storage on https://ara.paa-reporting-advertising.amazon failed. @ https://web-cf-event-cell8001.ads.aps.amazon-adsystem.com/e/dtb/admi?b=AcRVhsDankEbiToE1ZZmy6jt6x-iAsVP07qwz_7rSrsYAAABny-dGfkAAAGfL50YZw&rnd=7496582896141783210254288&pp=ma7g8w&p=c34dfk&crid=593086011934517621:0
[   47612ms] [ERROR] Attestation check for Shared Storage on https://www.googleadservices.com failed. @ https://www.googleadservices.com/pagead/managed/js/activeview/current/reach_worklet.html:0
[  170144ms] [ERROR] Attestation check for Shared Storage on https://www.googleadservices.com failed. @ https://www.googleadservices.com/pagead/managed/js/activeview/current/reach_worklet.html:0
[  170149ms] [ERROR] Attestation check for Shared Storage on https://www.googleadservices.com failed. @ https://www.googleadservices.com/pagead/managed/js/activeview/current/reach_worklet.html:0
[  175174ms] [ERROR] Attestation check for Shared Storage on https://www.googleadservices.com failed. @ https://www.googleadservices.com/pagead/managed/js/activeview/current/reach_worklet.html:0
[  175175ms] [ERROR] Attestation check for Shared Storage on https://www.googleadservices.com failed. @ https://www.googleadservices.com/pagead/managed/js/activeview/current/reach_worklet.html:0
[  168328ms] [ERROR] Attestation check for Shared Storage on https://ara.paa-reporting-advertising.amazon failed. @ https://web-cf-event-cell8001.ads.aps.amazon-adsystem.com/e/dtb/admi?b=Acq8nxpNREIUu2c_EkOkgv64hDjDPrlJ06j-5_cdHtj3AAABny-bJpUAAAGfL5skag&rnd=5748388319151783210126462&pp=aroav4&p=c34dfk&crid=579406947291041586:0
[  174156ms] [ERROR] Attestation check for Shared Storage on https://ara.paa-reporting-advertising.amazon failed. @ https://web-cf-event-cell8001.ads.aps.amazon-adsystem.com/e/dtb/admi?b=AbJMaNFej09sphVHhmRp5SWtd4PEz_xD1LzGNQQQ44W3AAABny-dBfwAAAGfL50ESg&rnd=9697956028931783210249257&pp=aroav4&p=c34dfk&crid=579406947291041586:0
[  174157ms] [ERROR] Attestation check for Shared Storage on https://ara.paa-reporting-advertising.amazon failed. @ https://web-cf-event-cell8001.ads.aps.amazon-adsystem.com/e/dtb/admi?b=Ab2obgDrcECauXqEGvw8aHEOeLUmgWBPBKjJS3T0xzfuAAABny-dBfwAAAGfL50ESg&rnd=4239772491031783210249222&pp=aroav4&p=c34dfk&crid=577119534462925716:0
[  177569ms] [ERROR] Attestation check for Shared Storage on https://ara.paa-reporting-advertising.amazon failed. @ https://web-cf-event-cell8001.ads.aps.amazon-adsystem.com/e/dtb/admi?b=AcRVhsDankEbiToE1ZZmy6jt6x-iAsVP07qwz_7rSrsYAAABny-dGfkAAAGfL50YZw&rnd=7496582896141783210254288&pp=ma7g8w&p=c34dfk&crid=593086011934517621:0
[  168328ms] [ERROR] Attestation check for Shared Storage on https://ara.paa-reporting-advertising.amazon failed. @ https://web-cf-event-cell8001.ads.aps.amazon-adsystem.com/e/dtb/admi?b=Acq8nxpNREIUu2c_EkOkgv64hDjDPrlJ06j-5_cdHtj3AAABny-bJpUAAAGfL5skag&rnd=5748388319151783210126462&pp=aroav4&p=c34dfk&crid=579406947291041586:0
[  174156ms] [ERROR] Attestation check for Shared Storage on https://ara.paa-reporting-advertising.amazon failed. @ https://web-cf-event-cell8001.ads.aps.amazon-adsystem.com/e/dtb/admi?b=AbJMaNFej09sphVHhmRp5SWtd4PEz_xD1LzGNQQQ44W3AAABny-dBfwAAAGfL50ESg&rnd=9697956028931783210249257&pp=aroav4&p=c34dfk&crid=579406947291041586:0
[  174157ms] [ERROR] Attestation check for Shared Storage on https://ara.paa-reporting-advertising.amazon failed. @ https://web-cf-event-cell8001.ads.aps.amazon-adsystem.com/e/dtb/admi?b=Ab2obgDrcECauXqEGvw8aHEOeLUmgWBPBKjJS3T0xzfuAAABny-dBfwAAAGfL50ESg&rnd=4239772491031783210249222&pp=aroav4&p=c34dfk&crid=577119534462925716:0
[  177569ms] [ERROR] Attestation check for Shared Storage on https://ara.paa-reporting-advertising.amazon failed. @ https://web-cf-event-cell8001.ads.aps.amazon-adsystem.com/e/dtb/admi?b=AcRVhsDankEbiToE1ZZmy6jt6x-iAsVP07qwz_7rSrsYAAABny-dGfkAAAGfL50YZw&rnd=7496582896141783210254288&pp=ma7g8w&p=c34dfk&crid=593086011934517621:0
[   47612ms] [ERROR] Attestation check for Shared Storage on https://www.googleadservices.com failed. @ https://www.googleadservices.com/pagead/managed/js/activeview/current/reach_worklet.html:0
[  170144ms] [ERROR] Attestation check for Shared Storage on https://www.googleadservices.com failed. @ https://www.googleadservices.com/pagead/managed/js/activeview/current/reach_worklet.html:0
[  170149ms] [ERROR] Attestation check for Shared Storage on https://www.googleadservices.com failed. @ https://www.googleadservices.com/pagead/managed/js/activeview/current/reach_worklet.html:0
[  175174ms] [ERROR] Attestation check for Shared Storage on https://www.googleadservices.com failed. @ https://www.googleadservices.com/pagead/managed/js/activeview/current/reach_worklet.html:0
[  175175ms] [ERROR] Attestation check for Shared Storage on https://www.googleadservices.com failed. @ https://www.googleadservices.com/pagead/managed/js/activeview/current/reach_worklet.html:0
[  178994ms] [ERROR] Attestation check for Shared Storage on https://www.googleadservices.com failed. @ https://www.googleadservices.com/pagead/managed/js/activeview/current/reach_worklet.html:0
[  178996ms] [ERROR] Attestation check for Shared Storage on https://www.googleadservices.com failed. @ https://www.googleadservices.com/pagead/managed/js/activeview/current/reach_worklet.html:0
[  183101ms] [ERROR] Attestation check for Attribution Reporting on https://ara.paa-reporting-advertising.amazon failed. @ https://www.menshealth.com/entertainment/g70113288/best-movies-2026/?utm_source=google&utm_medium=cpc&utm_campaign=mgu_ga_mnh_d_bm_prog_org_us_g70113288&gad_source=1&gad_campaignid=23539275257&gbraid=0AAAAACrVUPmCsw-AXGpSza6PfxWWffG6y&gclid=EAIaIQobChMIv_GWnZ-6lQMVG2lHAR1E_iqeEAAYASAAEgL5Z_D_BwE:0
[  183101ms] [ERROR] Attestation check for Shared Storage on https://ara.paa-reporting-advertising.amazon failed. @ https://web-cf-event-cell8001.ads.aps.amazon-adsystem.com/e/dtb/admi?b=AW7YtIK1KUWRqG51mJHdx-YfcJbEtipCyrM1dyJQ73OSAAABny-dKCQAAAGfL50nKg&rnd=2500313941031783210258101&pp=1k4twxs&p=c34dfk&crid=593086011934517621:0
[   47612ms] [ERROR] Attestation check for Shared Storage on https://www.googleadservices.com failed. @ https://www.googleadservices.com/pagead/managed/js/activeview/current/reach_worklet.html:0
[  170144ms] [ERROR] Attestation check for Shared Storage on https://www.googleadservices.com failed. @ https://www.googleadservices.com/pagead/managed/js/activeview/current/reach_worklet.html:0
[  170149ms] [ERROR] Attestation check for Shared Storage on https://www.googleadservices.com failed. @ https://www.googleadservices.com/pagead/managed/js/activeview/current/reach_worklet.html:0
[  175174ms] [ERROR] Attestation check for Shared Storage on https://www.googleadservices.com failed. @ https://www.googleadservices.com/pagead/managed/js/activeview/current/reach_worklet.html:0
[  175175ms] [ERROR] Attestation check for Shared Storage on https://www.googleadservices.com failed. @ https://www.googleadservices.com/pagead/managed/js/activeview/current/reach_worklet.html:0
[  178994ms] [ERROR] Attestation check for Shared Storage on https://www.googleadservices.com failed. @ https://www.googleadservices.com/pagead/managed/js/activeview/current/reach_worklet.html:0
[  178996ms] [ERROR] Attestation check for Shared Storage on https://www.googleadservices.com failed. @ https://www.googleadservices.com/pagead/managed/js/activeview/current/reach_worklet.html:0
[  168328ms] [ERROR] Attestation check for Shared Storage on https://ara.paa-reporting-advertising.amazon failed. @ https://web-cf-event-cell8001.ads.aps.amazon-adsystem.com/e/dtb/admi?b=Acq8nxpNREIUu2c_EkOkgv64hDjDPrlJ06j-5_cdHtj3AAABny-bJpUAAAGfL5skag&rnd=5748388319151783210126462&pp=aroav4&p=c34dfk&crid=579406947291041586:0
[  174156ms] [ERROR] Attestation check for Shared Storage on https://ara.paa-reporting-advertising.amazon failed. @ https://web-cf-event-cell8001.ads.aps.amazon-adsystem.com/e/dtb/admi?b=AbJMaNFej09sphVHhmRp5SWtd4PEz_xD1LzGNQQQ44W3AAABny-dBfwAAAGfL50ESg&rnd=9697956028931783210249257&pp=aroav4&p=c34dfk&crid=579406947291041586:0
[  174157ms] [ERROR] Attestation check for Shared Storage on https://ara.paa-reporting-advertising.amazon failed. @ https://web-cf-event-cell8001.ads.aps.amazon-adsystem.com/e/dtb/admi?b=Ab2obgDrcECauXqEGvw8aHEOeLUmgWBPBKjJS3T0xzfuAAABny-dBfwAAAGfL50ESg&rnd=4239772491031783210249222&pp=aroav4&p=c34dfk&crid=577119534462925716:0
[  177569ms] [ERROR] Attestation check for Shared Storage on https://ara.paa-reporting-advertising.amazon failed. @ https://web-cf-event-cell8001.ads.aps.amazon-adsystem.com/e/dtb/admi?b=AcRVhsDankEbiToE1ZZmy6jt6x-iAsVP07qwz_7rSrsYAAABny-dGfkAAAGfL50YZw&rnd=7496582896141783210254288&pp=ma7g8w&p=c34dfk&crid=593086011934517621:0
[  183101ms] [ERROR] Attestation check for Shared Storage on https://ara.paa-reporting-advertising.amazon failed. @ https://web-cf-event-cell8001.ads.aps.amazon-adsystem.com/e/dtb/admi?b=AW7YtIK1KUWRqG51mJHdx-YfcJbEtipCyrM1dyJQ73OSAAABny-dKCQAAAGfL50nKg&rnd=2500313941031783210258101&pp=1k4twxs&p=c34dfk&crid=593086011934517621:0
[  183875ms] [ERROR] Attestation check for Shared Storage on https://www.googleadservices.com failed. @ https://www.googleadservices.com/pagead/managed/js/activeview/current/reach_worklet.html:0
[   47612ms] [ERROR] Attestation check for Shared Storage on https://www.googleadservices.com failed. @ https://www.googleadservices.com/pagead/managed/js/activeview/current/reach_worklet.html:0
[  170144ms] [ERROR] Attestation check for Shared Storage on https://www.googleadservices.com failed. @ https://www.googleadservices.com/pagead/managed/js/activeview/current/reach_worklet.html:0
[  170149ms] [ERROR] Attestation check for Shared Storage on https://www.googleadservices.com failed. @ https://www.googleadservices.com/pagead/managed/js/activeview/current/reach_worklet.html:0
[  175174ms] [ERROR] Attestation check for Shared Storage on https://www.googleadservices.com failed. @ https://www.googleadservices.com/pagead/managed/js/activeview/current/reach_worklet.html:0
[  175175ms] [ERROR] Attestation check for Shared Storage on https://www.googleadservices.com failed. @ https://www.googleadservices.com/pagead/managed/js/activeview/current/reach_worklet.html:0
[  178994ms] [ERROR] Attestation check for Shared Storage on https://www.googleadservices.com failed. @ https://www.googleadservices.com/pagead/managed/js/activeview/current/reach_worklet.html:0
[  178996ms] [ERROR] Attestation check for Shared Storage on https://www.googleadservices.com failed. @ https://www.googleadservices.com/pagead/managed/js/activeview/current/reach_worklet.html:0
[  183875ms] [ERROR] Attestation check for Shared Storage on https://www.googleadservices.com failed. @ https://www.googleadservices.com/pagead/managed/js/activeview/current/reach_worklet.html:0
[  183983ms] [ERROR] Attestation check for Shared Storage on https://www.googleadservices.com failed. @ https://www.googleadservices.com/pagead/managed/js/activeview/current/reach_worklet.html:0
[   47612ms] [ERROR] Attestation check for Shared Storage on https://www.googleadservices.com failed. @ https://www.googleadservices.com/pagead/managed/js/activeview/current/reach_worklet.html:0
[  170144ms] [ERROR] Attestation check for Shared Storage on https://www.googleadservices.com failed. @ https://www.googleadservices.com/pagead/managed/js/activeview/current/reach_worklet.html:0
[  170149ms] [ERROR] Attestation check for Shared Storage on https://www.googleadservices.com failed. @ https://www.googleadservices.com/pagead/managed/js/activeview/current/reach_worklet.html:0
[  175174ms] [ERROR] Attestation check for Shared Storage on https://www.googleadservices.com failed. @ https://www.googleadservices.com/pagead/managed/js/activeview/current/reach_worklet.html:0
[  175175ms] [ERROR] Attestation check for Shared Storage on https://www.googleadservices.com failed. @ https://www.googleadservices.com/pagead/managed/js/activeview/current/reach_worklet.html:0
[  178994ms] [ERROR] Attestation check for Shared Storage on https://www.googleadservices.com failed. @ https://www.googleadservices.com/pagead/managed/js/activeview/current/reach_worklet.html:0
[  178996ms] [ERROR] Attestation check for Shared Storage on https://www.googleadservices.com failed. @ https://www.googleadservices.com/pagead/managed/js/activeview/current/reach_worklet.html:0
[  183875ms] [ERROR] Attestation check for Shared Storage on https://www.googleadservices.com failed. @ https://www.googleadservices.com/pagead/managed/js/activeview/current/reach_worklet.html:0
[  183983ms] [ERROR] Attestation check for Shared Storage on https://www.googleadservices.com failed. @ https://www.googleadservices.com/pagead/managed/js/activeview/current/reach_worklet.html:0
[  184407ms] [ERROR] Attestation check for Shared Storage on https://www.googleadservices.com failed. @ https://www.googleadservices.com/pagead/managed/js/activeview/current/reach_worklet.html:0
[  184621ms] [ERROR] Attestation check for Attribution Reporting on https://ara.paa-reporting-advertising.amazon failed. @ https://www.menshealth.com/entertainment/g70113288/best-movies-2026/?utm_source=google&utm_medium=cpc&utm_campaign=mgu_ga_mnh_d_bm_prog_org_us_g70113288&gad_source=1&gad_campaignid=23539275257&gbraid=0AAAAACrVUPmCsw-AXGpSza6PfxWWffG6y&gclid=EAIaIQobChMIv_GWnZ-6lQMVG2lHAR1E_iqeEAAYASAAEgL5Z_D_BwE:0
[  184621ms] [ERROR] Attestation check for Shared Storage on https://ara.paa-reporting-advertising.amazon failed. @ https://web-cf-event-cell8001.ads.aps.amazon-adsystem.com/e/dtb/admi?b=AWYLeZCopUM4s91ACeA1Xmt3EBLTRjxO8IlOWPR64sBNAAABny-dKCQAAAGfL50nKg&rnd=8286662803161783210258091&pp=ma7g8w&p=c34dfk&crid=586665233159990656:0
[  184879ms] [TIMEEND] a: 0.0029296875 ms @ https://static.adsafeprotected.com/sca.17.6.4.js:31
[  184907ms] [TIMEEND] a: 0.003173828125 ms @ https://static.adsafeprotected.com/sca.17.6.4.js:31
[  189265ms] [ERROR] Attestation check for Attribution Reporting on https://ara.paa-reporting-advertising.amazon failed. @ https://www.menshealth.com/entertainment/g70113288/best-movies-2026/?utm_source=google&utm_medium=cpc&utm_campaign=mgu_ga_mnh_d_bm_prog_org_us_g70113288&gad_source=1&gad_campaignid=23539275257&gbraid=0AAAAACrVUPmCsw-AXGpSza6PfxWWffG6y&gclid=EAIaIQobChMIv_GWnZ-6lQMVG2lHAR1E_iqeEAAYASAAEgL5Z_D_BwE:0
[  189266ms] [ERROR] Attestation check for Shared Storage on https://ara.paa-reporting-advertising.amazon failed. @ https://web-cf-event-cell8001.ads.aps.amazon-adsystem.com/e/dtb/admi?b=AciVb5s15Uz4tO4sGl4oMUAo8JIOhmpA-ISxuWCG7K_fAAABny-dPH4AAAGfL507fA&rnd=774475180891783210263029&pp=69cwe8&p=c34dfk&crid=581679829528829419:0
[   47612ms] [ERROR] Attestation check for Shared Storage on https://www.googleadservices.com failed. @ https://www.googleadservices.com/pagead/managed/js/activeview/current/reach_worklet.html:0
[  170144ms] [ERROR] Attestation check for Shared Storage on https://www.googleadservices.com failed. @ https://www.googleadservices.com/pagead/managed/js/activeview/current/reach_worklet.html:0
[  170149ms] [ERROR] Attestation check for Shared Storage on https://www.googleadservices.com failed. @ https://www.googleadservices.com/pagead/managed/js/activeview/current/reach_worklet.html:0
[  175174ms] [ERROR] Attestation check for Shared Storage on https://www.googleadservices.com failed. @ https://www.googleadservices.com/pagead/managed/js/activeview/current/reach_worklet.html:0
[  175175ms] [ERROR] Attestation check for Shared Storage on https://www.googleadservices.com failed. @ https://www.googleadservices.com/pagead/managed/js/activeview/current/reach_worklet.html:0
[  178994ms] [ERROR] Attestation check for Shared Storage on https://www.googleadservices.com failed. @ https://www.googleadservices.com/pagead/managed/js/activeview/current/reach_worklet.html:0
[  178996ms] [ERROR] Attestation check for Shared Storage on https://www.googleadservices.com failed. @ https://www.googleadservices.com/pagead/managed/js/activeview/current/reach_worklet.html:0
[  183875ms] [ERROR] Attestation check for Shared Storage on https://www.googleadservices.com failed. @ https://www.googleadservices.com/pagead/managed/js/activeview/current/reach_worklet.html:0
[  183983ms] [ERROR] Attestation check for Shared Storage on https://www.googleadservices.com failed. @ https://www.googleadservices.com/pagead/managed/js/activeview/current/reach_worklet.html:0
[  184407ms] [ERROR] Attestation check for Shared Storage on https://www.googleadservices.com failed. @ https://www.googleadservices.com/pagead/managed/js/activeview/current/reach_worklet.html:0
[  190000ms] [ERROR] Attestation check for Shared Storage on https://www.googleadservices.com failed. @ https://www.googleadservices.com/pagead/managed/js/activeview/current/reach_worklet.html:0
[   47612ms] [ERROR] Attestation check for Shared Storage on https://www.googleadservices.com failed. @ https://www.googleadservices.com/pagead/managed/js/activeview/current/reach_worklet.html:0
[  170144ms] [ERROR] Attestation check for Shared Storage on https://www.googleadservices.com failed. @ https://www.googleadservices.com/pagead/managed/js/activeview/current/reach_worklet.html:0
[  170149ms] [ERROR] Attestation check for Shared Storage on https://www.googleadservices.com failed. @ https://www.googleadservices.com/pagead/managed/js/activeview/current/reach_worklet.html:0
[  175174ms] [ERROR] Attestation check for Shared Storage on https://www.googleadservices.com failed. @ https://www.googleadservices.com/pagead/managed/js/activeview/current/reach_worklet.html:0
[  175175ms] [ERROR] Attestation check for Shared Storage on https://www.googleadservices.com failed. @ https://www.googleadservices.com/pagead/managed/js/activeview/current/reach_worklet.html:0
[  178994ms] [ERROR] Attestation check for Shared Storage on https://www.googleadservices.com failed. @ https://www.googleadservices.com/pagead/managed/js/activeview/current/reach_worklet.html:0
[  178996ms] [ERROR] Attestation check for Shared Storage on https://www.googleadservices.com failed. @ https://www.googleadservices.com/pagead/managed/js/activeview/current/reach_worklet.html:0
[  183875ms] [ERROR] Attestation check for Shared Storage on https://www.googleadservices.com failed. @ https://www.googleadservices.com/pagead/managed/js/activeview/current/reach_worklet.html:0
[  183983ms] [ERROR] Attestation check for Shared Storage on https://www.googleadservices.com failed. @ https://www.googleadservices.com/pagead/managed/js/activeview/current/reach_worklet.html:0
[  184407ms] [ERROR] Attestation check for Shared Storage on https://www.googleadservices.com failed. @ https://www.googleadservices.com/pagead/managed/js/activeview/current/reach_worklet.html:0
[  190000ms] [ERROR] Attestation check for Shared Storage on https://www.googleadservices.com failed. @ https://www.googleadservices.com/pagead/managed/js/activeview/current/reach_worklet.html:0
[  190105ms] [ERROR] Attestation check for Shared Storage on https://www.googleadservices.com failed. @ https://www.googleadservices.com/pagead/managed/js/activeview/current/reach_worklet.html:0
[   47612ms] [ERROR] Attestation check for Shared Storage on https://www.googleadservices.com failed. @ https://www.googleadservices.com/pagead/managed/js/activeview/current/reach_worklet.html:0
[  170144ms] [ERROR] Attestation check for Shared Storage on https://www.googleadservices.com failed. @ https://www.googleadservices.com/pagead/managed/js/activeview/current/reach_worklet.html:0
[  170149ms] [ERROR] Attestation check for Shared Storage on https://www.googleadservices.com failed. @ https://www.googleadservices.com/pagead/managed/js/activeview/current/reach_worklet.html:0
[  175174ms] [ERROR] Attestation check for Shared Storage on https://www.googleadservices.com failed. @ https://www.googleadservices.com/pagead/managed/js/activeview/current/reach_worklet.html:0
[  175175ms] [ERROR] Attestation check for Shared Storage on https://www.googleadservices.com failed. @ https://www.googleadservices.com/pagead/managed/js/activeview/current/reach_worklet.html:0
[  178994ms] [ERROR] Attestation check for Shared Storage on https://www.googleadservices.com failed. @ https://www.googleadservices.com/pagead/managed/js/activeview/current/reach_worklet.html:0
[  178996ms] [ERROR] Attestation check for Shared Storage on https://www.googleadservices.com failed. @ https://www.googleadservices.com/pagead/managed/js/activeview/current/reach_worklet.html:0
[  183875ms] [ERROR] Attestation check for Shared Storage on https://www.googleadservices.com failed. @ https://www.googleadservices.com/pagead/managed/js/activeview/current/reach_worklet.html:0
[  183983ms] [ERROR] Attestation check for Shared Storage on https://www.googleadservices.com failed. @ https://www.googleadservices.com/pagead/managed/js/activeview/current/reach_worklet.html:0
[  184407ms] [ERROR] Attestation check for Shared Storage on https://www.googleadservices.com failed. @ https://www.googleadservices.com/pagead/managed/js/activeview/current/reach_worklet.html:0
[  190000ms] [ERROR] Attestation check for Shared Storage on https://www.googleadservices.com failed. @ https://www.googleadservices.com/pagead/managed/js/activeview/current/reach_worklet.html:0
[  190105ms] [ERROR] Attestation check for Shared Storage on https://www.googleadservices.com failed. @ https://www.googleadservices.com/pagead/managed/js/activeview/current/reach_worklet.html:0
[   47612ms] [ERROR] Attestation check for Shared Storage on https://www.googleadservices.com failed. @ https://www.googleadservices.com/pagead/managed/js/activeview/current/reach_worklet.html:0
[  170144ms] [ERROR] Attestation check for Shared Storage on https://www.googleadservices.com failed. @ https://www.googleadservices.com/pagead/managed/js/activeview/current/reach_worklet.html:0
[  170149ms] [ERROR] Attestation check for Shared Storage on https://www.googleadservices.com failed. @ https://www.googleadservices.com/pagead/managed/js/activeview/current/reach_worklet.html:0
[  175174ms] [ERROR] Attestation check for Shared Storage on https://www.googleadservices.com failed. @ https://www.googleadservices.com/pagead/managed/js/activeview/current/reach_worklet.html:0
[  175175ms] [ERROR] Attestation check for Shared Storage on https://www.googleadservices.com failed. @ https://www.googleadservices.com/pagead/managed/js/activeview/current/reach_worklet.html:0
[  178994ms] [ERROR] Attestation check for Shared Storage on https://www.googleadservices.com failed. @ https://www.googleadservices.com/pagead/managed/js/activeview/current/reach_worklet.html:0
[  178996ms] [ERROR] Attestation check for Shared Storage on https://www.googleadservices.com failed. @ https://www.googleadservices.com/pagead/managed/js/activeview/current/reach_worklet.html:0
[  183875ms] [ERROR] Attestation check for Shared Storage on https://www.googleadservices.com failed. @ https://www.googleadservices.com/pagead/managed/js/activeview/current/reach_worklet.html:0
[  183983ms] [ERROR] Attestation check for Shared Storage on https://www.googleadservices.com failed. @ https://www.googleadservices.com/pagead/managed/js/activeview/current/reach_worklet.html:0
[  184407ms] [ERROR] Attestation check for Shared Storage on https://www.googleadservices.com failed. @ https://www.googleadservices.com/pagead/managed/js/activeview/current/reach_worklet.html:0
[  190000ms] [ERROR] Attestation check for Shared Storage on https://www.googleadservices.com failed. @ https://www.googleadservices.com/pagead/managed/js/activeview/current/reach_worklet.html:0
[  190105ms] [ERROR] Attestation check for Shared Storage on https://www.googleadservices.com failed. @ https://www.googleadservices.com/pagead/managed/js/activeview/current/reach_worklet.html:0
[  190220ms] [ERROR] Attestation check for Shared Storage on https://www.googleadservices.com failed. @ https://www.googleadservices.com/pagead/managed/js/activeview/current/reach_worklet.html:0
[  190222ms] [ERROR] Attestation check for Shared Storage on https://www.googleadservices.com failed. @ https://www.googleadservices.com/pagead/managed/js/activeview/current/reach_worklet.html:0
[  190420ms] [TIMEEND] a: 0 ms @ https://static.adsafeprotected.com/sca.17.6.4.js:31
[  190461ms] [TIMEEND] a: 0.0009765625 ms @ https://static.adsafeprotected.com/sca.17.6.4.js:31
[  190474ms] [TIMEEND] a: 0.001220703125 ms @ https://static.adsafeprotected.com/sca.17.6.4.js:31
[  190480ms] [TIMEEND] a: 0.0009765625 ms @ https://static.adsafeprotected.com/sca.17.6.4.js:31
[  193128ms] [WARNING] [GPT] Slot gpt_lb_5 rendered inside of the viewport.
https://goo.gle/gpt-message#169 @ https://securepubads.g.doubleclick.net/pagead/managed/js/gpt/m202606250101/pubads_impl.js:18
[   47612ms] [ERROR] Attestation check for Shared Storage on https://www.googleadservices.com failed. @ https://www.googleadservices.com/pagead/managed/js/activeview/current/reach_worklet.html:0
[  170144ms] [ERROR] Attestation check for Shared Storage on https://www.googleadservices.com failed. @ https://www.googleadservices.com/pagead/managed/js/activeview/current/reach_worklet.html:0
[  170149ms] [ERROR] Attestation check for Shared Storage on https://www.googleadservices.com failed. @ https://www.googleadservices.com/pagead/managed/js/activeview/current/reach_worklet.html:0
[  175174ms] [ERROR] Attestation check for Shared Storage on https://www.googleadservices.com failed. @ https://www.googleadservices.com/pagead/managed/js/activeview/current/reach_worklet.html:0
[  175175ms] [ERROR] Attestation check for Shared Storage on https://www.googleadservices.com failed. @ https://www.googleadservices.com/pagead/managed/js/activeview/current/reach_worklet.html:0
[  178994ms] [ERROR] Attestation check for Shared Storage on https://www.googleadservices.com failed. @ https://www.googleadservices.com/pagead/managed/js/activeview/current/reach_worklet.html:0
[  178996ms] [ERROR] Attestation check for Shared Storage on https://www.googleadservices.com failed. @ https://www.googleadservices.com/pagead/managed/js/activeview/current/reach_worklet.html:0
[  183875ms] [ERROR] Attestation check for Shared Storage on https://www.googleadservices.com failed. @ https://www.googleadservices.com/pagead/managed/js/activeview/current/reach_worklet.html:0
[  183983ms] [ERROR] Attestation check for Shared Storage on https://www.googleadservices.com failed. @ https://www.googleadservices.com/pagead/managed/js/activeview/current/reach_worklet.html:0
[  184407ms] [ERROR] Attestation check for Shared Storage on https://www.googleadservices.com failed. @ https://www.googleadservices.com/pagead/managed/js/activeview/current/reach_worklet.html:0
[  190000ms] [ERROR] Attestation check for Shared Storage on https://www.googleadservices.com failed. @ https://www.googleadservices.com/pagead/managed/js/activeview/current/reach_worklet.html:0
[  190105ms] [ERROR] Attestation check for Shared Storage on https://www.googleadservices.com failed. @ https://www.googleadservices.com/pagead/managed/js/activeview/current/reach_worklet.html:0
[  190220ms] [ERROR] Attestation check for Shared Storage on https://www.googleadservices.com failed. @ https://www.googleadservices.com/pagead/managed/js/activeview/current/reach_worklet.html:0
[  190222ms] [ERROR] Attestation check for Shared Storage on https://www.googleadservices.com failed. @ https://www.googleadservices.com/pagead/managed/js/activeview/current/reach_worklet.html:0
[   47612ms] [ERROR] Attestation check for Shared Storage on https://www.googleadservices.com failed. @ https://www.googleadservices.com/pagead/managed/js/activeview/current/reach_worklet.html:0
[  170144ms] [ERROR] Attestation check for Shared Storage on https://www.googleadservices.com failed. @ https://www.googleadservices.com/pagead/managed/js/activeview/current/reach_worklet.html:0
[  170149ms] [ERROR] Attestation check for Shared Storage on https://www.googleadservices.com failed. @ https://www.googleadservices.com/pagead/managed/js/activeview/current/reach_worklet.html:0
[  175174ms] [ERROR] Attestation check for Shared Storage on https://www.googleadservices.com failed. @ https://www.googleadservices.com/pagead/managed/js/activeview/current/reach_worklet.html:0
[  175175ms] [ERROR] Attestation check for Shared Storage on https://www.googleadservices.com failed. @ https://www.googleadservices.com/pagead/managed/js/activeview/current/reach_worklet.html:0
[  178994ms] [ERROR] Attestation check for Shared Storage on https://www.googleadservices.com failed. @ https://www.googleadservices.com/pagead/managed/js/activeview/current/reach_worklet.html:0
[  178996ms] [ERROR] Attestation check for Shared Storage on https://www.googleadservices.com failed. @ https://www.googleadservices.com/pagead/managed/js/activeview/current/reach_worklet.html:0
[  183875ms] [ERROR] Attestation check for Shared Storage on https://www.googleadservices.com failed. @ https://www.googleadservices.com/pagead/managed/js/activeview/current/reach_worklet.html:0
[  183983ms] [ERROR] Attestation check for Shared Storage on https://www.googleadservices.com failed. @ https://www.googleadservices.com/pagead/managed/js/activeview/current/reach_worklet.html:0
[  184407ms] [ERROR] Attestation check for Shared Storage on https://www.googleadservices.com failed. @ https://www.googleadservices.com/pagead/managed/js/activeview/current/reach_worklet.html:0
[  190000ms] [ERROR] Attestation check for Shared Storage on https://www.googleadservices.com failed. @ https://www.googleadservices.com/pagead/managed/js/activeview/current/reach_worklet.html:0
[  190105ms] [ERROR] Attestation check for Shared Storage on https://www.googleadservices.com failed. @ https://www.googleadservices.com/pagead/managed/js/activeview/current/reach_worklet.html:0
[  190220ms] [ERROR] Attestation check for Shared Storage on https://www.googleadservices.com failed. @ https://www.googleadservices.com/pagead/managed/js/activeview/current/reach_worklet.html:0
[  190222ms] [ERROR] Attestation check for Shared Storage on https://www.googleadservices.com failed. @ https://www.googleadservices.com/pagead/managed/js/activeview/current/reach_worklet.html:0
[  168328ms] [ERROR] Attestation check for Shared Storage on https://ara.paa-reporting-advertising.amazon failed. @ https://web-cf-event-cell8001.ads.aps.amazon-adsystem.com/e/dtb/admi?b=Acq8nxpNREIUu2c_EkOkgv64hDjDPrlJ06j-5_cdHtj3AAABny-bJpUAAAGfL5skag&rnd=5748388319151783210126462&pp=aroav4&p=c34dfk&crid=579406947291041586:0
[  174156ms] [ERROR] Attestation check for Shared Storage on https://ara.paa-reporting-advertising.amazon failed. @ https://web-cf-event-cell8001.ads.aps.amazon-adsystem.com/e/dtb/admi?b=AbJMaNFej09sphVHhmRp5SWtd4PEz_xD1LzGNQQQ44W3AAABny-dBfwAAAGfL50ESg&rnd=9697956028931783210249257&pp=aroav4&p=c34dfk&crid=579406947291041586:0
[  174157ms] [ERROR] Attestation check for Shared Storage on https://ara.paa-reporting-advertising.amazon failed. @ https://web-cf-event-cell8001.ads.aps.amazon-adsystem.com/e/dtb/admi?b=Ab2obgDrcECauXqEGvw8aHEOeLUmgWBPBKjJS3T0xzfuAAABny-dBfwAAAGfL50ESg&rnd=4239772491031783210249222&pp=aroav4&p=c34dfk&crid=577119534462925716:0
[  177569ms] [ERROR] Attestation check for Shared Storage on https://ara.paa-reporting-advertising.amazon failed. @ https://web-cf-event-cell8001.ads.aps.amazon-adsystem.com/e/dtb/admi?b=AcRVhsDankEbiToE1ZZmy6jt6x-iAsVP07qwz_7rSrsYAAABny-dGfkAAAGfL50YZw&rnd=7496582896141783210254288&pp=ma7g8w&p=c34dfk&crid=593086011934517621:0
[  183101ms] [ERROR] Attestation check for Shared Storage on https://ara.paa-reporting-advertising.amazon failed. @ https://web-cf-event-cell8001.ads.aps.amazon-adsystem.com/e/dtb/admi?b=AW7YtIK1KUWRqG51mJHdx-YfcJbEtipCyrM1dyJQ73OSAAABny-dKCQAAAGfL50nKg&rnd=2500313941031783210258101&pp=1k4twxs&p=c34dfk&crid=593086011934517621:0
[  184621ms] [ERROR] Attestation check for Shared Storage on https://ara.paa-reporting-advertising.amazon failed. @ https://web-cf-event-cell8001.ads.aps.amazon-adsystem.com/e/dtb/admi?b=AWYLeZCopUM4s91ACeA1Xmt3EBLTRjxO8IlOWPR64sBNAAABny-dKCQAAAGfL50nKg&rnd=8286662803161783210258091&pp=ma7g8w&p=c34dfk&crid=586665233159990656:0
[  189266ms] [ERROR] Attestation check for Shared Storage on https://ara.paa-reporting-advertising.amazon failed. @ https://web-cf-event-cell8001.ads.aps.amazon-adsystem.com/e/dtb/admi?b=AciVb5s15Uz4tO4sGl4oMUAo8JIOhmpA-ISxuWCG7K_fAAABny-dPH4AAAGfL507fA&rnd=774475180891783210263029&pp=69cwe8&p=c34dfk&crid=581679829528829419:0
[  168328ms] [ERROR] Attestation check for Shared Storage on https://ara.paa-reporting-advertising.amazon failed. @ https://web-cf-event-cell8001.ads.aps.amazon-adsystem.com/e/dtb/admi?b=Acq8nxpNREIUu2c_EkOkgv64hDjDPrlJ06j-5_cdHtj3AAABny-bJpUAAAGfL5skag&rnd=5748388319151783210126462&pp=aroav4&p=c34dfk&crid=579406947291041586:0
[  174156ms] [ERROR] Attestation check for Shared Storage on https://ara.paa-reporting-advertising.amazon failed. @ https://web-cf-event-cell8001.ads.aps.amazon-adsystem.com/e/dtb/admi?b=AbJMaNFej09sphVHhmRp5SWtd4PEz_xD1LzGNQQQ44W3AAABny-dBfwAAAGfL50ESg&rnd=9697956028931783210249257&pp=aroav4&p=c34dfk&crid=579406947291041586:0
[  174157ms] [ERROR] Attestation check for Shared Storage on https://ara.paa-reporting-advertising.amazon failed. @ https://web-cf-event-cell8001.ads.aps.amazon-adsystem.com/e/dtb/admi?b=Ab2obgDrcECauXqEGvw8aHEOeLUmgWBPBKjJS3T0xzfuAAABny-dBfwAAAGfL50ESg&rnd=4239772491031783210249222&pp=aroav4&p=c34dfk&crid=577119534462925716:0
[  177569ms] [ERROR] Attestation check for Shared Storage on https://ara.paa-reporting-advertising.amazon failed. @ https://web-cf-event-cell8001.ads.aps.amazon-adsystem.com/e/dtb/admi?b=AcRVhsDankEbiToE1ZZmy6jt6x-iAsVP07qwz_7rSrsYAAABny-dGfkAAAGfL50YZw&rnd=7496582896141783210254288&pp=ma7g8w&p=c34dfk&crid=593086011934517621:0
[  183101ms] [ERROR] Attestation check for Shared Storage on https://ara.paa-reporting-advertising.amazon failed. @ https://web-cf-event-cell8001.ads.aps.amazon-adsystem.com/e/dtb/admi?b=AW7YtIK1KUWRqG51mJHdx-YfcJbEtipCyrM1dyJQ73OSAAABny-dKCQAAAGfL50nKg&rnd=2500313941031783210258101&pp=1k4twxs&p=c34dfk&crid=593086011934517621:0
[  184621ms] [ERROR] Attestation check for Shared Storage on https://ara.paa-reporting-advertising.amazon failed. @ https://web-cf-event-cell8001.ads.aps.amazon-adsystem.com/e/dtb/admi?b=AWYLeZCopUM4s91ACeA1Xmt3EBLTRjxO8IlOWPR64sBNAAABny-dKCQAAAGfL50nKg&rnd=8286662803161783210258091&pp=ma7g8w&p=c34dfk&crid=586665233159990656:0
[  189266ms] [ERROR] Attestation check for Shared Storage on https://ara.paa-reporting-advertising.amazon failed. @ https://web-cf-event-cell8001.ads.aps.amazon-adsystem.com/e/dtb/admi?b=AciVb5s15Uz4tO4sGl4oMUAo8JIOhmpA-ISxuWCG7K_fAAABny-dPH4AAAGfL507fA&rnd=774475180891783210263029&pp=69cwe8&p=c34dfk&crid=581679829528829419:0
[  193274ms] [ERROR] Attestation check for Shared Storage on https://www.googleadservices.com failed. @ https://www.googleadservices.com/pagead/managed/js/activeview/current/reach_worklet.html:0
[  193276ms] [ERROR] Attestation check for Shared Storage on https://www.googleadservices.com failed. @ https://www.googleadservices.com/pagead/managed/js/activeview/current/reach_worklet.html:0
[  194382ms] [ERROR] Attestation check for Attribution Reporting on https://ara.paa-reporting-advertising.amazon failed. @ https://www.menshealth.com/entertainment/g70113288/best-movies-2026/?utm_source=google&utm_medium=cpc&utm_campaign=mgu_ga_mnh_d_bm_prog_org_us_g70113288&gad_source=1&gad_campaignid=23539275257&gbraid=0AAAAACrVUPmCsw-AXGpSza6PfxWWffG6y&gclid=EAIaIQobChMIv_GWnZ-6lQMVG2lHAR1E_iqeEAAYASAAEgL5Z_D_BwE:0
[  194383ms] [ERROR] Attestation check for Shared Storage on https://ara.paa-reporting-advertising.amazon failed. @ https://web-cf-event-cell8001.ads.aps.amazon-adsystem.com/e/dtb/admi?b=AUvhJOy2h02fuJ9kBr0aVKR5o3LCMEBA-oqUKnWF3iLWAAABny-dYYwAAAGfL51fqw&rnd=2219767579371783210272382&pp=918u80&p=c34dfk&crid=578061558978183593:0
[  168328ms] [ERROR] Attestation check for Shared Storage on https://ara.paa-reporting-advertising.amazon failed. @ https://web-cf-event-cell8001.ads.aps.amazon-adsystem.com/e/dtb/admi?b=Acq8nxpNREIUu2c_EkOkgv64hDjDPrlJ06j-5_cdHtj3AAABny-bJpUAAAGfL5skag&rnd=5748388319151783210126462&pp=aroav4&p=c34dfk&crid=579406947291041586:0
[  174156ms] [ERROR] Attestation check for Shared Storage on https://ara.paa-reporting-advertising.amazon failed. @ https://web-cf-event-cell8001.ads.aps.amazon-adsystem.com/e/dtb/admi?b=AbJMaNFej09sphVHhmRp5SWtd4PEz_xD1LzGNQQQ44W3AAABny-dBfwAAAGfL50ESg&rnd=9697956028931783210249257&pp=aroav4&p=c34dfk&crid=579406947291041586:0
[  174157ms] [ERROR] Attestation check for Shared Storage on https://ara.paa-reporting-advertising.amazon failed. @ https://web-cf-event-cell8001.ads.aps.amazon-adsystem.com/e/dtb/admi?b=Ab2obgDrcECauXqEGvw8aHEOeLUmgWBPBKjJS3T0xzfuAAABny-dBfwAAAGfL50ESg&rnd=4239772491031783210249222&pp=aroav4&p=c34dfk&crid=577119534462925716:0
[  177569ms] [ERROR] Attestation check for Shared Storage on https://ara.paa-reporting-advertising.amazon failed. @ https://web-cf-event-cell8001.ads.aps.amazon-adsystem.com/e/dtb/admi?b=AcRVhsDankEbiToE1ZZmy6jt6x-iAsVP07qwz_7rSrsYAAABny-dGfkAAAGfL50YZw&rnd=7496582896141783210254288&pp=ma7g8w&p=c34dfk&crid=593086011934517621:0
[  183101ms] [ERROR] Attestation check for Shared Storage on https://ara.paa-reporting-advertising.amazon failed. @ https://web-cf-event-cell8001.ads.aps.amazon-adsystem.com/e/dtb/admi?b=AW7YtIK1KUWRqG51mJHdx-YfcJbEtipCyrM1dyJQ73OSAAABny-dKCQAAAGfL50nKg&rnd=2500313941031783210258101&pp=1k4twxs&p=c34dfk&crid=593086011934517621:0
[  184621ms] [ERROR] Attestation check for Shared Storage on https://ara.paa-reporting-advertising.amazon failed. @ https://web-cf-event-cell8001.ads.aps.amazon-adsystem.com/e/dtb/admi?b=AWYLeZCopUM4s91ACeA1Xmt3EBLTRjxO8IlOWPR64sBNAAABny-dKCQAAAGfL50nKg&rnd=8286662803161783210258091&pp=ma7g8w&p=c34dfk&crid=586665233159990656:0
[  189266ms] [ERROR] Attestation check for Shared Storage on https://ara.paa-reporting-advertising.amazon failed. @ https://web-cf-event-cell8001.ads.aps.amazon-adsystem.com/e/dtb/admi?b=AciVb5s15Uz4tO4sGl4oMUAo8JIOhmpA-ISxuWCG7K_fAAABny-dPH4AAAGfL507fA&rnd=774475180891783210263029&pp=69cwe8&p=c34dfk&crid=581679829528829419:0
[  194383ms] [ERROR] Attestation check for Shared Storage on https://ara.paa-reporting-advertising.amazon failed. @ https://web-cf-event-cell8001.ads.aps.amazon-adsystem.com/e/dtb/admi?b=AUvhJOy2h02fuJ9kBr0aVKR5o3LCMEBA-oqUKnWF3iLWAAABny-dYYwAAAGfL51fqw&rnd=2219767579371783210272382&pp=918u80&p=c34dfk&crid=578061558978183593:0
[  168328ms] [ERROR] Attestation check for Shared Storage on https://ara.paa-reporting-advertising.amazon failed. @ https://web-cf-event-cell8001.ads.aps.amazon-adsystem.com/e/dtb/admi?b=Acq8nxpNREIUu2c_EkOkgv64hDjDPrlJ06j-5_cdHtj3AAABny-bJpUAAAGfL5skag&rnd=5748388319151783210126462&pp=aroav4&p=c34dfk&crid=579406947291041586:0
[  174156ms] [ERROR] Attestation check for Shared Storage on https://ara.paa-reporting-advertising.amazon failed. @ https://web-cf-event-cell8001.ads.aps.amazon-adsystem.com/e/dtb/admi?b=AbJMaNFej09sphVHhmRp5SWtd4PEz_xD1LzGNQQQ44W3AAABny-dBfwAAAGfL50ESg&rnd=9697956028931783210249257&pp=aroav4&p=c34dfk&crid=579406947291041586:0
[  174157ms] [ERROR] Attestation check for Shared Storage on https://ara.paa-reporting-advertising.amazon failed. @ https://web-cf-event-cell8001.ads.aps.amazon-adsystem.com/e/dtb/admi?b=Ab2obgDrcECauXqEGvw8aHEOeLUmgWBPBKjJS3T0xzfuAAABny-dBfwAAAGfL50ESg&rnd=4239772491031783210249222&pp=aroav4&p=c34dfk&crid=577119534462925716:0
[  177569ms] [ERROR] Attestation check for Shared Storage on https://ara.paa-reporting-advertising.amazon failed. @ https://web-cf-event-cell8001.ads.aps.amazon-adsystem.com/e/dtb/admi?b=AcRVhsDankEbiToE1ZZmy6jt6x-iAsVP07qwz_7rSrsYAAABny-dGfkAAAGfL50YZw&rnd=7496582896141783210254288&pp=ma7g8w&p=c34dfk&crid=593086011934517621:0
[  183101ms] [ERROR] Attestation check for Shared Storage on https://ara.paa-reporting-advertising.amazon failed. @ https://web-cf-event-cell8001.ads.aps.amazon-adsystem.com/e/dtb/admi?b=AW7YtIK1KUWRqG51mJHdx-YfcJbEtipCyrM1dyJQ73OSAAABny-dKCQAAAGfL50nKg&rnd=2500313941031783210258101&pp=1k4twxs&p=c34dfk&crid=593086011934517621:0
[  184621ms] [ERROR] Attestation check for Shared Storage on https://ara.paa-reporting-advertising.amazon failed. @ https://web-cf-event-cell8001.ads.aps.amazon-adsystem.com/e/dtb/admi?b=AWYLeZCopUM4s91ACeA1Xmt3EBLTRjxO8IlOWPR64sBNAAABny-dKCQAAAGfL50nKg&rnd=8286662803161783210258091&pp=ma7g8w&p=c34dfk&crid=586665233159990656:0
[  189266ms] [ERROR] Attestation check for Shared Storage on https://ara.paa-reporting-advertising.amazon failed. @ https://web-cf-event-cell8001.ads.aps.amazon-adsystem.com/e/dtb/admi?b=AciVb5s15Uz4tO4sGl4oMUAo8JIOhmpA-ISxuWCG7K_fAAABny-dPH4AAAGfL507fA&rnd=774475180891783210263029&pp=69cwe8&p=c34dfk&crid=581679829528829419:0
[  194383ms] [ERROR] Attestation check for Shared Storage on https://ara.paa-reporting-advertising.amazon failed. @ https://web-cf-event-cell8001.ads.aps.amazon-adsystem.com/e/dtb/admi?b=AUvhJOy2h02fuJ9kBr0aVKR5o3LCMEBA-oqUKnWF3iLWAAABny-dYYwAAAGfL51fqw&rnd=2219767579371783210272382&pp=918u80&p=c34dfk&crid=578061558978183593:0
[   47612ms] [ERROR] Attestation check for Shared Storage on https://www.googleadservices.com failed. @ https://www.googleadservices.com/pagead/managed/js/activeview/current/reach_worklet.html:0
[  170144ms] [ERROR] Attestation check for Shared Storage on https://www.googleadservices.com failed. @ https://www.googleadservices.com/pagead/managed/js/activeview/current/reach_worklet.html:0
[  170149ms] [ERROR] Attestation check for Shared Storage on https://www.googleadservices.com failed. @ https://www.googleadservices.com/pagead/managed/js/activeview/current/reach_worklet.html:0
[  175174ms] [ERROR] Attestation check for Shared Storage on https://www.googleadservices.com failed. @ https://www.googleadservices.com/pagead/managed/js/activeview/current/reach_worklet.html:0
[  175175ms] [ERROR] Attestation check for Shared Storage on https://www.googleadservices.com failed. @ https://www.googleadservices.com/pagead/managed/js/activeview/current/reach_worklet.html:0
[  178994ms] [ERROR] Attestation check for Shared Storage on https://www.googleadservices.com failed. @ https://www.googleadservices.com/pagead/managed/js/activeview/current/reach_worklet.html:0
[  178996ms] [ERROR] Attestation check for Shared Storage on https://www.googleadservices.com failed. @ https://www.googleadservices.com/pagead/managed/js/activeview/current/reach_worklet.html:0
[  183875ms] [ERROR] Attestation check for Shared Storage on https://www.googleadservices.com failed. @ https://www.googleadservices.com/pagead/managed/js/activeview/current/reach_worklet.html:0
[  183983ms] [ERROR] Attestation check for Shared Storage on https://www.googleadservices.com failed. @ https://www.googleadservices.com/pagead/managed/js/activeview/current/reach_worklet.html:0
[  184407ms] [ERROR] Attestation check for Shared Storage on https://www.googleadservices.com failed. @ https://www.googleadservices.com/pagead/managed/js/activeview/current/reach_worklet.html:0
[  190000ms] [ERROR] Attestation check for Shared Storage on https://www.googleadservices.com failed. @ https://www.googleadservices.com/pagead/managed/js/activeview/current/reach_worklet.html:0
[  190105ms] [ERROR] Attestation check for Shared Storage on https://www.googleadservices.com failed. @ https://www.googleadservices.com/pagead/managed/js/activeview/current/reach_worklet.html:0
[  190220ms] [ERROR] Attestation check for Shared Storage on https://www.googleadservices.com failed. @ https://www.googleadservices.com/pagead/managed/js/activeview/current/reach_worklet.html:0
[  190222ms] [ERROR] Attestation check for Shared Storage on https://www.googleadservices.com failed. @ https://www.googleadservices.com/pagead/managed/js/activeview/current/reach_worklet.html:0
[  193274ms] [ERROR] Attestation check for Shared Storage on https://www.googleadservices.com failed. @ https://www.googleadservices.com/pagead/managed/js/activeview/current/reach_worklet.html:0
[  193276ms] [ERROR] Attestation check for Shared Storage on https://www.googleadservices.com failed. @ https://www.googleadservices.com/pagead/managed/js/activeview/current/reach_worklet.html:0
[   47612ms] [ERROR] Attestation check for Shared Storage on https://www.googleadservices.com failed. @ https://www.googleadservices.com/pagead/managed/js/activeview/current/reach_worklet.html:0
[  170144ms] [ERROR] Attestation check for Shared Storage on https://www.googleadservices.com failed. @ https://www.googleadservices.com/pagead/managed/js/activeview/current/reach_worklet.html:0
[  170149ms] [ERROR] Attestation check for Shared Storage on https://www.googleadservices.com failed. @ https://www.googleadservices.com/pagead/managed/js/activeview/current/reach_worklet.html:0
[  175174ms] [ERROR] Attestation check for Shared Storage on https://www.googleadservices.com failed. @ https://www.googleadservices.com/pagead/managed/js/activeview/current/reach_worklet.html:0
[  175175ms] [ERROR] Attestation check for Shared Storage on https://www.googleadservices.com failed. @ https://www.googleadservices.com/pagead/managed/js/activeview/current/reach_worklet.html:0
[  178994ms] [ERROR] Attestation check for Shared Storage on https://www.googleadservices.com failed. @ https://www.googleadservices.com/pagead/managed/js/activeview/current/reach_worklet.html:0
[  178996ms] [ERROR] Attestation check for Shared Storage on https://www.googleadservices.com failed. @ https://www.googleadservices.com/pagead/managed/js/activeview/current/reach_worklet.html:0
[  183875ms] [ERROR] Attestation check for Shared Storage on https://www.googleadservices.com failed. @ https://www.googleadservices.com/pagead/managed/js/activeview/current/reach_worklet.html:0
[  183983ms] [ERROR] Attestation check for Shared Storage on https://www.googleadservices.com failed. @ https://www.googleadservices.com/pagead/managed/js/activeview/current/reach_worklet.html:0
[  184407ms] [ERROR] Attestation check for Shared Storage on https://www.googleadservices.com failed. @ https://www.googleadservices.com/pagead/managed/js/activeview/current/reach_worklet.html:0
[  190000ms] [ERROR] Attestation check for Shared Storage on https://www.googleadservices.com failed. @ https://www.googleadservices.com/pagead/managed/js/activeview/current/reach_worklet.html:0
[  190105ms] [ERROR] Attestation check for Shared Storage on https://www.googleadservices.com failed. @ https://www.googleadservices.com/pagead/managed/js/activeview/current/reach_worklet.html:0
[  190220ms] [ERROR] Attestation check for Shared Storage on https://www.googleadservices.com failed. @ https://www.googleadservices.com/pagead/managed/js/activeview/current/reach_worklet.html:0
[  190222ms] [ERROR] Attestation check for Shared Storage on https://www.googleadservices.com failed. @ https://www.googleadservices.com/pagead/managed/js/activeview/current/reach_worklet.html:0
[  193274ms] [ERROR] Attestation check for Shared Storage on https://www.googleadservices.com failed. @ https://www.googleadservices.com/pagead/managed/js/activeview/current/reach_worklet.html:0
[  193276ms] [ERROR] Attestation check for Shared Storage on https://www.googleadservices.com failed. @ https://www.googleadservices.com/pagead/managed/js/activeview/current/reach_worklet.html:0
[  194861ms] [ERROR] Attestation check for Shared Storage on https://www.googleadservices.com failed. @ https://www.googleadservices.com/pagead/managed/js/activeview/current/reach_worklet.html:0
[  194963ms] [ERROR] Attestation check for Shared Storage on https://www.googleadservices.com failed. @ https://www.googleadservices.com/pagead/managed/js/activeview/current/reach_worklet.html:0
[  195896ms] [ERROR] Access to fetch at 'https://a.teads.tv/hb/bid-request' from origin 'https://www.menshealth.com' has been blocked by CORS policy: No 'Access-Control-Allow-Origin' header is present on the requested resource. @ https://www.menshealth.com/entertainment/g70113288/best-movies-2026/?utm_source=google&utm_medium=cpc&utm_campaign=mgu_ga_mnh_d_bm_prog_org_us_g70113288&gad_source=1&gad_campaignid=23539275257&gbraid=0AAAAACrVUPmCsw-AXGpSza6PfxWWffG6y&gclid=EAIaIQobChMIv_GWnZ-6lQMVG2lHAR1E_iqeEAAYASAAEgL5Z_D_BwE:0
[  195896ms] [ERROR] Failed to load resource: net::ERR_FAILED @ https://a.teads.tv/hb/bid-request:0
[  196805ms] [ERROR] Attestation check for Attribution Reporting on https://ara.paa-reporting-advertising.amazon failed. @ https://www.menshealth.com/entertainment/g70113288/best-movies-2026/?utm_source=google&utm_medium=cpc&utm_campaign=mgu_ga_mnh_d_bm_prog_org_us_g70113288&gad_source=1&gad_campaignid=23539275257&gbraid=0AAAAACrVUPmCsw-AXGpSza6PfxWWffG6y&gclid=EAIaIQobChMIv_GWnZ-6lQMVG2lHAR1E_iqeEAAYASAAEgL5Z_D_BwE:0
[  196806ms] [ERROR] Attestation check for Shared Storage on https://ara.paa-reporting-advertising.amazon failed. @ https://web-cf-event-cell8001.ads.aps.amazon-adsystem.com/e/dtb/admi?b=ATVAArnTLUwImMr94r14xAjeilcBbEtH6bCsNX9JdgZBAAABny-daE8AAAGfL51mcQ&rnd=6225640609591783210273885&pp=69cwe8&p=c34dfk&crid=578061558978183593:0
[  197758ms] [WARNING] This ad's html cannot be accessed using the getHtml method on googletag.Slot. Returning the empty string instead. @ https://securepubads.g.doubleclick.net/pagead/managed/js/gpt/m202606250101/pubads_impl.js:18
[  197769ms] [WARNING] [GPT] Slot gpt_lb_7 rendered inside of the viewport.
https://goo.gle/gpt-message#169 @ https://securepubads.g.doubleclick.net/pagead/managed/js/gpt/m202606250101/pubads_impl.js:18
[  197809ms] [INFO] Powered by AMP ⚡ HTML – Version 2605071401000 https://www.menshealth.com/entertainment/g70113288/best-movies-2026/?utm_source=google&utm_medium=cpc&utm_campaign=mgu_ga_mnh_d_bm_prog_org_us_g70113288&gad_source=1&gad_campaignid=23539275257&gbraid=0AAAAACrVUPmCsw-AXGpSza6PfxWWffG6y&gclid=EAIaIQobChMIv_GWnZ-6lQMVG2lHAR1E_iqeEAAYASAAEgL5Z_D_BwE @ https://cdn.ampproject.org/rtv/012605071401000/amp4ads-v0.mjs:1
[  168328ms] [ERROR] Attestation check for Shared Storage on https://ara.paa-reporting-advertising.amazon failed. @ https://web-cf-event-cell8001.ads.aps.amazon-adsystem.com/e/dtb/admi?b=Acq8nxpNREIUu2c_EkOkgv64hDjDPrlJ06j-5_cdHtj3AAABny-bJpUAAAGfL5skag&rnd=5748388319151783210126462&pp=aroav4&p=c34dfk&crid=579406947291041586:0
[  174156ms] [ERROR] Attestation check for Shared Storage on https://ara.paa-reporting-advertising.amazon failed. @ https://web-cf-event-cell8001.ads.aps.amazon-adsystem.com/e/dtb/admi?b=AbJMaNFej09sphVHhmRp5SWtd4PEz_xD1LzGNQQQ44W3AAABny-dBfwAAAGfL50ESg&rnd=9697956028931783210249257&pp=aroav4&p=c34dfk&crid=579406947291041586:0
[  174157ms] [ERROR] Attestation check for Shared Storage on https://ara.paa-reporting-advertising.amazon failed. @ https://web-cf-event-cell8001.ads.aps.amazon-adsystem.com/e/dtb/admi?b=Ab2obgDrcECauXqEGvw8aHEOeLUmgWBPBKjJS3T0xzfuAAABny-dBfwAAAGfL50ESg&rnd=4239772491031783210249222&pp=aroav4&p=c34dfk&crid=577119534462925716:0
[  177569ms] [ERROR] Attestation check for Shared Storage on https://ara.paa-reporting-advertising.amazon failed. @ https://web-cf-event-cell8001.ads.aps.amazon-adsystem.com/e/dtb/admi?b=AcRVhsDankEbiToE1ZZmy6jt6x-iAsVP07qwz_7rSrsYAAABny-dGfkAAAGfL50YZw&rnd=7496582896141783210254288&pp=ma7g8w&p=c34dfk&crid=593086011934517621:0
[  183101ms] [ERROR] Attestation check for Shared Storage on https://ara.paa-reporting-advertising.amazon failed. @ https://web-cf-event-cell8001.ads.aps.amazon-adsystem.com/e/dtb/admi?b=AW7YtIK1KUWRqG51mJHdx-YfcJbEtipCyrM1dyJQ73OSAAABny-dKCQAAAGfL50nKg&rnd=2500313941031783210258101&pp=1k4twxs&p=c34dfk&crid=593086011934517621:0
[  184621ms] [ERROR] Attestation check for Shared Storage on https://ara.paa-reporting-advertising.amazon failed. @ https://web-cf-event-cell8001.ads.aps.amazon-adsystem.com/e/dtb/admi?b=AWYLeZCopUM4s91ACeA1Xmt3EBLTRjxO8IlOWPR64sBNAAABny-dKCQAAAGfL50nKg&rnd=8286662803161783210258091&pp=ma7g8w&p=c34dfk&crid=586665233159990656:0
[  189266ms] [ERROR] Attestation check for Shared Storage on https://ara.paa-reporting-advertising.amazon failed. @ https://web-cf-event-cell8001.ads.aps.amazon-adsystem.com/e/dtb/admi?b=AciVb5s15Uz4tO4sGl4oMUAo8JIOhmpA-ISxuWCG7K_fAAABny-dPH4AAAGfL507fA&rnd=774475180891783210263029&pp=69cwe8&p=c34dfk&crid=581679829528829419:0
[  194383ms] [ERROR] Attestation check for Shared Storage on https://ara.paa-reporting-advertising.amazon failed. @ https://web-cf-event-cell8001.ads.aps.amazon-adsystem.com/e/dtb/admi?b=AUvhJOy2h02fuJ9kBr0aVKR5o3LCMEBA-oqUKnWF3iLWAAABny-dYYwAAAGfL51fqw&rnd=2219767579371783210272382&pp=918u80&p=c34dfk&crid=578061558978183593:0
[  196806ms] [ERROR] Attestation check for Shared Storage on https://ara.paa-reporting-advertising.amazon failed. @ https://web-cf-event-cell8001.ads.aps.amazon-adsystem.com/e/dtb/admi?b=ATVAArnTLUwImMr94r14xAjeilcBbEtH6bCsNX9JdgZBAAABny-daE8AAAGfL51mcQ&rnd=6225640609591783210273885&pp=69cwe8&p=c34dfk&crid=578061558978183593:0
[   47612ms] [ERROR] Attestation check for Shared Storage on https://www.googleadservices.com failed. @ https://www.googleadservices.com/pagead/managed/js/activeview/current/reach_worklet.html:0
[  170144ms] [ERROR] Attestation check for Shared Storage on https://www.googleadservices.com failed. @ https://www.googleadservices.com/pagead/managed/js/activeview/current/reach_worklet.html:0
[  170149ms] [ERROR] Attestation check for Shared Storage on https://www.googleadservices.com failed. @ https://www.googleadservices.com/pagead/managed/js/activeview/current/reach_worklet.html:0
[  175174ms] [ERROR] Attestation check for Shared Storage on https://www.googleadservices.com failed. @ https://www.googleadservices.com/pagead/managed/js/activeview/current/reach_worklet.html:0
[  175175ms] [ERROR] Attestation check for Shared Storage on https://www.googleadservices.com failed. @ https://www.googleadservices.com/pagead/managed/js/activeview/current/reach_worklet.html:0
[  178994ms] [ERROR] Attestation check for Shared Storage on https://www.googleadservices.com failed. @ https://www.googleadservices.com/pagead/managed/js/activeview/current/reach_worklet.html:0
[  178996ms] [ERROR] Attestation check for Shared Storage on https://www.googleadservices.com failed. @ https://www.googleadservices.com/pagead/managed/js/activeview/current/reach_worklet.html:0
[  183875ms] [ERROR] Attestation check for Shared Storage on https://www.googleadservices.com failed. @ https://www.googleadservices.com/pagead/managed/js/activeview/current/reach_worklet.html:0
[  183983ms] [ERROR] Attestation check for Shared Storage on https://www.googleadservices.com failed. @ https://www.googleadservices.com/pagead/managed/js/activeview/current/reach_worklet.html:0
[  184407ms] [ERROR] Attestation check for Shared Storage on https://www.googleadservices.com failed. @ https://www.googleadservices.com/pagead/managed/js/activeview/current/reach_worklet.html:0
[  190000ms] [ERROR] Attestation check for Shared Storage on https://www.googleadservices.com failed. @ https://www.googleadservices.com/pagead/managed/js/activeview/current/reach_worklet.html:0
[  190105ms] [ERROR] Attestation check for Shared Storage on https://www.googleadservices.com failed. @ https://www.googleadservices.com/pagead/managed/js/activeview/current/reach_worklet.html:0
[  190220ms] [ERROR] Attestation check for Shared Storage on https://www.googleadservices.com failed. @ https://www.googleadservices.com/pagead/managed/js/activeview/current/reach_worklet.html:0
[  190222ms] [ERROR] Attestation check for Shared Storage on https://www.googleadservices.com failed. @ https://www.googleadservices.com/pagead/managed/js/activeview/current/reach_worklet.html:0
[  193274ms] [ERROR] Attestation check for Shared Storage on https://www.googleadservices.com failed. @ https://www.googleadservices.com/pagead/managed/js/activeview/current/reach_worklet.html:0
[  193276ms] [ERROR] Attestation check for Shared Storage on https://www.googleadservices.com failed. @ https://www.googleadservices.com/pagead/managed/js/activeview/current/reach_worklet.html:0
[  194861ms] [ERROR] Attestation check for Shared Storage on https://www.googleadservices.com failed. @ https://www.googleadservices.com/pagead/managed/js/activeview/current/reach_worklet.html:0
[  194963ms] [ERROR] Attestation check for Shared Storage on https://www.googleadservices.com failed. @ https://www.googleadservices.com/pagead/managed/js/activeview/current/reach_worklet.html:0
[  197953ms] [ERROR] Attestation check for Shared Storage on https://www.googleadservices.com failed. @ https://www.googleadservices.com/pagead/managed/js/activeview/current/reach_worklet.html:0
[  199470ms] [ERROR] Attestation check for Shared Storage on https://ara.paa-reporting-advertising.amazon failed. @ https://web-cf-event-cell8001.ads.aps.amazon-adsystem.com/e/dtb/admi?b=AUvY8Vl5aEw_tYmEbJSZU-Sf0hIETQ5OZp7pWYn26oyRAAABny-dc2cAAAGfL51xQw&rnd=3613034383281783210277042&pp=69cwe8&p=c34dfk&crid=593242137092739363:0
[  199472ms] [ERROR] Attestation check for Attribution Reporting on https://ara.paa-reporting-advertising.amazon failed. @ https://www.menshealth.com/entertainment/g70113288/best-movies-2026/?utm_source=google&utm_medium=cpc&utm_campaign=mgu_ga_mnh_d_bm_prog_org_us_g70113288&gad_source=1&gad_campaignid=23539275257&gbraid=0AAAAACrVUPmCsw-AXGpSza6PfxWWffG6y&gclid=EAIaIQobChMIv_GWnZ-6lQMVG2lHAR1E_iqeEAAYASAAEgL5Z_D_BwE:0
[  200301ms] [WARNING] [GPT] Slot gpt_lb_8 rendered inside of the viewport.
https://goo.gle/gpt-message#169 @ https://securepubads.g.doubleclick.net/pagead/managed/js/gpt/m202606250101/pubads_impl.js:18
[   47612ms] [ERROR] Attestation check for Shared Storage on https://www.googleadservices.com failed. @ https://www.googleadservices.com/pagead/managed/js/activeview/current/reach_worklet.html:0
[  170144ms] [ERROR] Attestation check for Shared Storage on https://www.googleadservices.com failed. @ https://www.googleadservices.com/pagead/managed/js/activeview/current/reach_worklet.html:0
[  170149ms] [ERROR] Attestation check for Shared Storage on https://www.googleadservices.com failed. @ https://www.googleadservices.com/pagead/managed/js/activeview/current/reach_worklet.html:0
[  175174ms] [ERROR] Attestation check for Shared Storage on https://www.googleadservices.com failed. @ https://www.googleadservices.com/pagead/managed/js/activeview/current/reach_worklet.html:0
[  175175ms] [ERROR] Attestation check for Shared Storage on https://www.googleadservices.com failed. @ https://www.googleadservices.com/pagead/managed/js/activeview/current/reach_worklet.html:0
[  178994ms] [ERROR] Attestation check for Shared Storage on https://www.googleadservices.com failed. @ https://www.googleadservices.com/pagead/managed/js/activeview/current/reach_worklet.html:0
[  178996ms] [ERROR] Attestation check for Shared Storage on https://www.googleadservices.com failed. @ https://www.googleadservices.com/pagead/managed/js/activeview/current/reach_worklet.html:0
[  183875ms] [ERROR] Attestation check for Shared Storage on https://www.googleadservices.com failed. @ https://www.googleadservices.com/pagead/managed/js/activeview/current/reach_worklet.html:0
[  183983ms] [ERROR] Attestation check for Shared Storage on https://www.googleadservices.com failed. @ https://www.googleadservices.com/pagead/managed/js/activeview/current/reach_worklet.html:0
[  184407ms] [ERROR] Attestation check for Shared Storage on https://www.googleadservices.com failed. @ https://www.googleadservices.com/pagead/managed/js/activeview/current/reach_worklet.html:0
[  190000ms] [ERROR] Attestation check for Shared Storage on https://www.googleadservices.com failed. @ https://www.googleadservices.com/pagead/managed/js/activeview/current/reach_worklet.html:0
[  190105ms] [ERROR] Attestation check for Shared Storage on https://www.googleadservices.com failed. @ https://www.googleadservices.com/pagead/managed/js/activeview/current/reach_worklet.html:0
[  190220ms] [ERROR] Attestation check for Shared Storage on https://www.googleadservices.com failed. @ https://www.googleadservices.com/pagead/managed/js/activeview/current/reach_worklet.html:0
[  190222ms] [ERROR] Attestation check for Shared Storage on https://www.googleadservices.com failed. @ https://www.googleadservices.com/pagead/managed/js/activeview/current/reach_worklet.html:0
[  193274ms] [ERROR] Attestation check for Shared Storage on https://www.googleadservices.com failed. @ https://www.googleadservices.com/pagead/managed/js/activeview/current/reach_worklet.html:0
[  193276ms] [ERROR] Attestation check for Shared Storage on https://www.googleadservices.com failed. @ https://www.googleadservices.com/pagead/managed/js/activeview/current/reach_worklet.html:0
[  194861ms] [ERROR] Attestation check for Shared Storage on https://www.googleadservices.com failed. @ https://www.googleadservices.com/pagead/managed/js/activeview/current/reach_worklet.html:0
[  194963ms] [ERROR] Attestation check for Shared Storage on https://www.googleadservices.com failed. @ https://www.googleadservices.com/pagead/managed/js/activeview/current/reach_worklet.html:0
[  197953ms] [ERROR] Attestation check for Shared Storage on https://www.googleadservices.com failed. @ https://www.googleadservices.com/pagead/managed/js/activeview/current/reach_worklet.html:0
[  168328ms] [ERROR] Attestation check for Shared Storage on https://ara.paa-reporting-advertising.amazon failed. @ https://web-cf-event-cell8001.ads.aps.amazon-adsystem.com/e/dtb/admi?b=Acq8nxpNREIUu2c_EkOkgv64hDjDPrlJ06j-5_cdHtj3AAABny-bJpUAAAGfL5skag&rnd=5748388319151783210126462&pp=aroav4&p=c34dfk&crid=579406947291041586:0
[  174156ms] [ERROR] Attestation check for Shared Storage on https://ara.paa-reporting-advertising.amazon failed. @ https://web-cf-event-cell8001.ads.aps.amazon-adsystem.com/e/dtb/admi?b=AbJMaNFej09sphVHhmRp5SWtd4PEz_xD1LzGNQQQ44W3AAABny-dBfwAAAGfL50ESg&rnd=9697956028931783210249257&pp=aroav4&p=c34dfk&crid=579406947291041586:0
[  174157ms] [ERROR] Attestation check for Shared Storage on https://ara.paa-reporting-advertising.amazon failed. @ https://web-cf-event-cell8001.ads.aps.amazon-adsystem.com/e/dtb/admi?b=Ab2obgDrcECauXqEGvw8aHEOeLUmgWBPBKjJS3T0xzfuAAABny-dBfwAAAGfL50ESg&rnd=4239772491031783210249222&pp=aroav4&p=c34dfk&crid=577119534462925716:0
[  177569ms] [ERROR] Attestation check for Shared Storage on https://ara.paa-reporting-advertising.amazon failed. @ https://web-cf-event-cell8001.ads.aps.amazon-adsystem.com/e/dtb/admi?b=AcRVhsDankEbiToE1ZZmy6jt6x-iAsVP07qwz_7rSrsYAAABny-dGfkAAAGfL50YZw&rnd=7496582896141783210254288&pp=ma7g8w&p=c34dfk&crid=593086011934517621:0
[  183101ms] [ERROR] Attestation check for Shared Storage on https://ara.paa-reporting-advertising.amazon failed. @ https://web-cf-event-cell8001.ads.aps.amazon-adsystem.com/e/dtb/admi?b=AW7YtIK1KUWRqG51mJHdx-YfcJbEtipCyrM1dyJQ73OSAAABny-dKCQAAAGfL50nKg&rnd=2500313941031783210258101&pp=1k4twxs&p=c34dfk&crid=593086011934517621:0
[  184621ms] [ERROR] Attestation check for Shared Storage on https://ara.paa-reporting-advertising.amazon failed. @ https://web-cf-event-cell8001.ads.aps.amazon-adsystem.com/e/dtb/admi?b=AWYLeZCopUM4s91ACeA1Xmt3EBLTRjxO8IlOWPR64sBNAAABny-dKCQAAAGfL50nKg&rnd=8286662803161783210258091&pp=ma7g8w&p=c34dfk&crid=586665233159990656:0
[  189266ms] [ERROR] Attestation check for Shared Storage on https://ara.paa-reporting-advertising.amazon failed. @ https://web-cf-event-cell8001.ads.aps.amazon-adsystem.com/e/dtb/admi?b=AciVb5s15Uz4tO4sGl4oMUAo8JIOhmpA-ISxuWCG7K_fAAABny-dPH4AAAGfL507fA&rnd=774475180891783210263029&pp=69cwe8&p=c34dfk&crid=581679829528829419:0
[  194383ms] [ERROR] Attestation check for Shared Storage on https://ara.paa-reporting-advertising.amazon failed. @ https://web-cf-event-cell8001.ads.aps.amazon-adsystem.com/e/dtb/admi?b=AUvhJOy2h02fuJ9kBr0aVKR5o3LCMEBA-oqUKnWF3iLWAAABny-dYYwAAAGfL51fqw&rnd=2219767579371783210272382&pp=918u80&p=c34dfk&crid=578061558978183593:0
[  196806ms] [ERROR] Attestation check for Shared Storage on https://ara.paa-reporting-advertising.amazon failed. @ https://web-cf-event-cell8001.ads.aps.amazon-adsystem.com/e/dtb/admi?b=ATVAArnTLUwImMr94r14xAjeilcBbEtH6bCsNX9JdgZBAAABny-daE8AAAGfL51mcQ&rnd=6225640609591783210273885&pp=69cwe8&p=c34dfk&crid=578061558978183593:0
[  199470ms] [ERROR] Attestation check for Shared Storage on https://ara.paa-reporting-advertising.amazon failed. @ https://web-cf-event-cell8001.ads.aps.amazon-adsystem.com/e/dtb/admi?b=AUvY8Vl5aEw_tYmEbJSZU-Sf0hIETQ5OZp7pWYn26oyRAAABny-dc2cAAAGfL51xQw&rnd=3613034383281783210277042&pp=69cwe8&p=c34dfk&crid=593242137092739363:0
[   47612ms] [ERROR] Attestation check for Shared Storage on https://www.googleadservices.com failed. @ https://www.googleadservices.com/pagead/managed/js/activeview/current/reach_worklet.html:0
[  170144ms] [ERROR] Attestation check for Shared Storage on https://www.googleadservices.com failed. @ https://www.googleadservices.com/pagead/managed/js/activeview/current/reach_worklet.html:0
[  170149ms] [ERROR] Attestation check for Shared Storage on https://www.googleadservices.com failed. @ https://www.googleadservices.com/pagead/managed/js/activeview/current/reach_worklet.html:0
[  175174ms] [ERROR] Attestation check for Shared Storage on https://www.googleadservices.com failed. @ https://www.googleadservices.com/pagead/managed/js/activeview/current/reach_worklet.html:0
[  175175ms] [ERROR] Attestation check for Shared Storage on https://www.googleadservices.com failed. @ https://www.googleadservices.com/pagead/managed/js/activeview/current/reach_worklet.html:0
[  178994ms] [ERROR] Attestation check for Shared Storage on https://www.googleadservices.com failed. @ https://www.googleadservices.com/pagead/managed/js/activeview/current/reach_worklet.html:0
[  178996ms] [ERROR] Attestation check for Shared Storage on https://www.googleadservices.com failed. @ https://www.googleadservices.com/pagead/managed/js/activeview/current/reach_worklet.html:0
[  183875ms] [ERROR] Attestation check for Shared Storage on https://www.googleadservices.com failed. @ https://www.googleadservices.com/pagead/managed/js/activeview/current/reach_worklet.html:0
[  183983ms] [ERROR] Attestation check for Shared Storage on https://www.googleadservices.com failed. @ https://www.googleadservices.com/pagead/managed/js/activeview/current/reach_worklet.html:0
[  184407ms] [ERROR] Attestation check for Shared Storage on https://www.googleadservices.com failed. @ https://www.googleadservices.com/pagead/managed/js/activeview/current/reach_worklet.html:0
[  190000ms] [ERROR] Attestation check for Shared Storage on https://www.googleadservices.com failed. @ https://www.googleadservices.com/pagead/managed/js/activeview/current/reach_worklet.html:0
[  190105ms] [ERROR] Attestation check for Shared Storage on https://www.googleadservices.com failed. @ https://www.googleadservices.com/pagead/managed/js/activeview/current/reach_worklet.html:0
[  190220ms] [ERROR] Attestation check for Shared Storage on https://www.googleadservices.com failed. @ https://www.googleadservices.com/pagead/managed/js/activeview/current/reach_worklet.html:0
[  190222ms] [ERROR] Attestation check for Shared Storage on https://www.googleadservices.com failed. @ https://www.googleadservices.com/pagead/managed/js/activeview/current/reach_worklet.html:0
[  193274ms] [ERROR] Attestation check for Shared Storage on https://www.googleadservices.com failed. @ https://www.googleadservices.com/pagead/managed/js/activeview/current/reach_worklet.html:0
[  193276ms] [ERROR] Attestation check for Shared Storage on https://www.googleadservices.com failed. @ https://www.googleadservices.com/pagead/managed/js/activeview/current/reach_worklet.html:0
[  194861ms] [ERROR] Attestation check for Shared Storage on https://www.googleadservices.com failed. @ https://www.googleadservices.com/pagead/managed/js/activeview/current/reach_worklet.html:0
[  194963ms] [ERROR] Attestation check for Shared Storage on https://www.googleadservices.com failed. @ https://www.googleadservices.com/pagead/managed/js/activeview/current/reach_worklet.html:0
[  197953ms] [ERROR] Attestation check for Shared Storage on https://www.googleadservices.com failed. @ https://www.googleadservices.com/pagead/managed/js/activeview/current/reach_worklet.html:0
[  200488ms] [ERROR] Attestation check for Shared Storage on https://www.googleadservices.com failed. @ https://www.googleadservices.com/pagead/managed/js/activeview/current/reach_worklet.html:0
[  200590ms] [ERROR] Attestation check for Shared Storage on https://www.googleadservices.com failed. @ https://www.googleadservices.com/pagead/managed/js/activeview/current/reach_worklet.html:0
[   47612ms] [ERROR] Attestation check for Shared Storage on https://www.googleadservices.com failed. @ https://www.googleadservices.com/pagead/managed/js/activeview/current/reach_worklet.html:0
[  170144ms] [ERROR] Attestation check for Shared Storage on https://www.googleadservices.com failed. @ https://www.googleadservices.com/pagead/managed/js/activeview/current/reach_worklet.html:0
[  170149ms] [ERROR] Attestation check for Shared Storage on https://www.googleadservices.com failed. @ https://www.googleadservices.com/pagead/managed/js/activeview/current/reach_worklet.html:0
[  175174ms] [ERROR] Attestation check for Shared Storage on https://www.googleadservices.com failed. @ https://www.googleadservices.com/pagead/managed/js/activeview/current/reach_worklet.html:0
[  175175ms] [ERROR] Attestation check for Shared Storage on https://www.googleadservices.com failed. @ https://www.googleadservices.com/pagead/managed/js/activeview/current/reach_worklet.html:0
[  178994ms] [ERROR] Attestation check for Shared Storage on https://www.googleadservices.com failed. @ https://www.googleadservices.com/pagead/managed/js/activeview/current/reach_worklet.html:0
[  178996ms] [ERROR] Attestation check for Shared Storage on https://www.googleadservices.com failed. @ https://www.googleadservices.com/pagead/managed/js/activeview/current/reach_worklet.html:0
[  183875ms] [ERROR] Attestation check for Shared Storage on https://www.googleadservices.com failed. @ https://www.googleadservices.com/pagead/managed/js/activeview/current/reach_worklet.html:0
[  183983ms] [ERROR] Attestation check for Shared Storage on https://www.googleadservices.com failed. @ https://www.googleadservices.com/pagead/managed/js/activeview/current/reach_worklet.html:0
[  184407ms] [ERROR] Attestation check for Shared Storage on https://www.googleadservices.com failed. @ https://www.googleadservices.com/pagead/managed/js/activeview/current/reach_worklet.html:0
[  190000ms] [ERROR] Attestation check for Shared Storage on https://www.googleadservices.com failed. @ https://www.googleadservices.com/pagead/managed/js/activeview/current/reach_worklet.html:0
[  190105ms] [ERROR] Attestation check for Shared Storage on https://www.googleadservices.com failed. @ https://www.googleadservices.com/pagead/managed/js/activeview/current/reach_worklet.html:0
[  190220ms] [ERROR] Attestation check for Shared Storage on https://www.googleadservices.com failed. @ https://www.googleadservices.com/pagead/managed/js/activeview/current/reach_worklet.html:0
[  190222ms] [ERROR] Attestation check for Shared Storage on https://www.googleadservices.com failed. @ https://www.googleadservices.com/pagead/managed/js/activeview/current/reach_worklet.html:0
[  193274ms] [ERROR] Attestation check for Shared Storage on https://www.googleadservices.com failed. @ https://www.googleadservices.com/pagead/managed/js/activeview/current/reach_worklet.html:0
[  193276ms] [ERROR] Attestation check for Shared Storage on https://www.googleadservices.com failed. @ https://www.googleadservices.com/pagead/managed/js/activeview/current/reach_worklet.html:0
[  194861ms] [ERROR] Attestation check for Shared Storage on https://www.googleadservices.com failed. @ https://www.googleadservices.com/pagead/managed/js/activeview/current/reach_worklet.html:0
[  194963ms] [ERROR] Attestation check for Shared Storage on https://www.googleadservices.com failed. @ https://www.googleadservices.com/pagead/managed/js/activeview/current/reach_worklet.html:0
[  197953ms] [ERROR] Attestation check for Shared Storage on https://www.googleadservices.com failed. @ https://www.googleadservices.com/pagead/managed/js/activeview/current/reach_worklet.html:0
[  200488ms] [ERROR] Attestation check for Shared Storage on https://www.googleadservices.com failed. @ https://www.googleadservices.com/pagead/managed/js/activeview/current/reach_worklet.html:0
[  200590ms] [ERROR] Attestation check for Shared Storage on https://www.googleadservices.com failed. @ https://www.googleadservices.com/pagead/managed/js/activeview/current/reach_worklet.html:0
[  200726ms] [ERROR] Attestation check for Shared Storage on https://www.googleadservices.com failed. @ https://www.googleadservices.com/pagead/managed/js/activeview/current/reach_worklet.html:0
[  200854ms] [WARNING] GSAP target .lgArt2 not found. https://greensock.com @ https://cdnjs.cloudflare.com/ajax/libs/gsap/3.12.2/gsap.min.js:9
[  200926ms] [TIMEEND] a: 0 ms @ https://static.adsafeprotected.com/sca.17.6.4.js:31
[  200954ms] [TIMEEND] a: 0.001220703125 ms @ https://static.adsafeprotected.com/sca.17.6.4.js:31
[  201581ms] [ERROR] Attestation check for Attribution Reporting on https://ara.paa-reporting-advertising.amazon failed. @ https://www.menshealth.com/entertainment/g70113288/best-movies-2026/?utm_source=google&utm_medium=cpc&utm_campaign=mgu_ga_mnh_d_bm_prog_org_us_g70113288&gad_source=1&gad_campaignid=23539275257&gbraid=0AAAAACrVUPmCsw-AXGpSza6PfxWWffG6y&gclid=EAIaIQobChMIv_GWnZ-6lQMVG2lHAR1E_iqeEAAYASAAEgL5Z_D_BwE:0
[  201581ms] [ERROR] Attestation check for Shared Storage on https://ara.paa-reporting-advertising.amazon failed. @ https://web-cf-event-cell8001.ads.aps.amazon-adsystem.com/e/dtb/admi?b=ARrCfZZC30FZsqs-2A28jguj5LIo6tFM6qEvjqdyEZQLAAABny-dfGoAAAGfL5166w&rnd=9241295613841783210279543&pp=69cwe8&p=c34dfk&crid=593242137092739363:0
[  203432ms] [WARNING] This ad's html cannot be accessed using the getHtml method on googletag.Slot. Returning the empty string instead. @ https://securepubads.g.doubleclick.net/pagead/managed/js/gpt/m202606250101/pubads_impl.js:18
[   47612ms] [ERROR] Attestation check for Shared Storage on https://www.googleadservices.com failed. @ https://www.googleadservices.com/pagead/managed/js/activeview/current/reach_worklet.html:0
[  170144ms] [ERROR] Attestation check for Shared Storage on https://www.googleadservices.com failed. @ https://www.googleadservices.com/pagead/managed/js/activeview/current/reach_worklet.html:0
[  170149ms] [ERROR] Attestation check for Shared Storage on https://www.googleadservices.com failed. @ https://www.googleadservices.com/pagead/managed/js/activeview/current/reach_worklet.html:0
[  175174ms] [ERROR] Attestation check for Shared Storage on https://www.googleadservices.com failed. @ https://www.googleadservices.com/pagead/managed/js/activeview/current/reach_worklet.html:0
[  175175ms] [ERROR] Attestation check for Shared Storage on https://www.googleadservices.com failed. @ https://www.googleadservices.com/pagead/managed/js/activeview/current/reach_worklet.html:0
[  178994ms] [ERROR] Attestation check for Shared Storage on https://www.googleadservices.com failed. @ https://www.googleadservices.com/pagead/managed/js/activeview/current/reach_worklet.html:0
[  178996ms] [ERROR] Attestation check for Shared Storage on https://www.googleadservices.com failed. @ https://www.googleadservices.com/pagead/managed/js/activeview/current/reach_worklet.html:0
[  183875ms] [ERROR] Attestation check for Shared Storage on https://www.googleadservices.com failed. @ https://www.googleadservices.com/pagead/managed/js/activeview/current/reach_worklet.html:0
[  183983ms] [ERROR] Attestation check for Shared Storage on https://www.googleadservices.com failed. @ https://www.googleadservices.com/pagead/managed/js/activeview/current/reach_worklet.html:0
[  184407ms] [ERROR] Attestation check for Shared Storage on https://www.googleadservices.com failed. @ https://www.googleadservices.com/pagead/managed/js/activeview/current/reach_worklet.html:0
[  190000ms] [ERROR] Attestation check for Shared Storage on https://www.googleadservices.com failed. @ https://www.googleadservices.com/pagead/managed/js/activeview/current/reach_worklet.html:0
[  190105ms] [ERROR] Attestation check for Shared Storage on https://www.googleadservices.com failed. @ https://www.googleadservices.com/pagead/managed/js/activeview/current/reach_worklet.html:0
[  190220ms] [ERROR] Attestation check for Shared Storage on https://www.googleadservices.com failed. @ https://www.googleadservices.com/pagead/managed/js/activeview/current/reach_worklet.html:0
[  190222ms] [ERROR] Attestation check for Shared Storage on https://www.googleadservices.com failed. @ https://www.googleadservices.com/pagead/managed/js/activeview/current/reach_worklet.html:0
[  193274ms] [ERROR] Attestation check for Shared Storage on https://www.googleadservices.com failed. @ https://www.googleadservices.com/pagead/managed/js/activeview/current/reach_worklet.html:0
[  193276ms] [ERROR] Attestation check for Shared Storage on https://www.googleadservices.com failed. @ https://www.googleadservices.com/pagead/managed/js/activeview/current/reach_worklet.html:0
[  194861ms] [ERROR] Attestation check for Shared Storage on https://www.googleadservices.com failed. @ https://www.googleadservices.com/pagead/managed/js/activeview/current/reach_worklet.html:0
[  194963ms] [ERROR] Attestation check for Shared Storage on https://www.googleadservices.com failed. @ https://www.googleadservices.com/pagead/managed/js/activeview/current/reach_worklet.html:0
[  197953ms] [ERROR] Attestation check for Shared Storage on https://www.googleadservices.com failed. @ https://www.googleadservices.com/pagead/managed/js/activeview/current/reach_worklet.html:0
[  200488ms] [ERROR] Attestation check for Shared Storage on https://www.googleadservices.com failed. @ https://www.googleadservices.com/pagead/managed/js/activeview/current/reach_worklet.html:0
[  200590ms] [ERROR] Attestation check for Shared Storage on https://www.googleadservices.com failed. @ https://www.googleadservices.com/pagead/managed/js/activeview/current/reach_worklet.html:0
[  200726ms] [ERROR] Attestation check for Shared Storage on https://www.googleadservices.com failed. @ https://www.googleadservices.com/pagead/managed/js/activeview/current/reach_worklet.html:0
[  203558ms] [ERROR] Attestation check for Shared Storage on https://www.googleadservices.com failed. @ https://www.googleadservices.com/pagead/managed/js/activeview/current/reach_worklet.html:0
[  203625ms] [ERROR] Attestation check for Attribution Reporting on https://ad.doubleclick.net failed. @ https://www.menshealth.com/entertainment/g70113288/best-movies-2026/?utm_source=google&utm_medium=cpc&utm_campaign=mgu_ga_mnh_d_bm_prog_org_us_g70113288&gad_source=1&gad_campaignid=23539275257&gbraid=0AAAAACrVUPmCsw-AXGpSza6PfxWWffG6y&gclid=EAIaIQobChMIv_GWnZ-6lQMVG2lHAR1E_iqeEAAYASAAEgL5Z_D_BwE:0
[   47612ms] [ERROR] Attestation check for Shared Storage on https://www.googleadservices.com failed. @ https://www.googleadservices.com/pagead/managed/js/activeview/current/reach_worklet.html:0
[  170144ms] [ERROR] Attestation check for Shared Storage on https://www.googleadservices.com failed. @ https://www.googleadservices.com/pagead/managed/js/activeview/current/reach_worklet.html:0
[  170149ms] [ERROR] Attestation check for Shared Storage on https://www.googleadservices.com failed. @ https://www.googleadservices.com/pagead/managed/js/activeview/current/reach_worklet.html:0
[  175174ms] [ERROR] Attestation check for Shared Storage on https://www.googleadservices.com failed. @ https://www.googleadservices.com/pagead/managed/js/activeview/current/reach_worklet.html:0
[  175175ms] [ERROR] Attestation check for Shared Storage on https://www.googleadservices.com failed. @ https://www.googleadservices.com/pagead/managed/js/activeview/current/reach_worklet.html:0
[  178994ms] [ERROR] Attestation check for Shared Storage on https://www.googleadservices.com failed. @ https://www.googleadservices.com/pagead/managed/js/activeview/current/reach_worklet.html:0
[  178996ms] [ERROR] Attestation check for Shared Storage on https://www.googleadservices.com failed. @ https://www.googleadservices.com/pagead/managed/js/activeview/current/reach_worklet.html:0
[  183875ms] [ERROR] Attestation check for Shared Storage on https://www.googleadservices.com failed. @ https://www.googleadservices.com/pagead/managed/js/activeview/current/reach_worklet.html:0
[  183983ms] [ERROR] Attestation check for Shared Storage on https://www.googleadservices.com failed. @ https://www.googleadservices.com/pagead/managed/js/activeview/current/reach_worklet.html:0
[  184407ms] [ERROR] Attestation check for Shared Storage on https://www.googleadservices.com failed. @ https://www.googleadservices.com/pagead/managed/js/activeview/current/reach_worklet.html:0
[  190000ms] [ERROR] Attestation check for Shared Storage on https://www.googleadservices.com failed. @ https://www.googleadservices.com/pagead/managed/js/activeview/current/reach_worklet.html:0
[  190105ms] [ERROR] Attestation check for Shared Storage on https://www.googleadservices.com failed. @ https://www.googleadservices.com/pagead/managed/js/activeview/current/reach_worklet.html:0
[  190220ms] [ERROR] Attestation check for Shared Storage on https://www.googleadservices.com failed. @ https://www.googleadservices.com/pagead/managed/js/activeview/current/reach_worklet.html:0
[  190222ms] [ERROR] Attestation check for Shared Storage on https://www.googleadservices.com failed. @ https://www.googleadservices.com/pagead/managed/js/activeview/current/reach_worklet.html:0
[  193274ms] [ERROR] Attestation check for Shared Storage on https://www.googleadservices.com failed. @ https://www.googleadservices.com/pagead/managed/js/activeview/current/reach_worklet.html:0
[  193276ms] [ERROR] Attestation check for Shared Storage on https://www.googleadservices.com failed. @ https://www.googleadservices.com/pagead/managed/js/activeview/current/reach_worklet.html:0
[  194861ms] [ERROR] Attestation check for Shared Storage on https://www.googleadservices.com failed. @ https://www.googleadservices.com/pagead/managed/js/activeview/current/reach_worklet.html:0
[  194963ms] [ERROR] Attestation check for Shared Storage on https://www.googleadservices.com failed. @ https://www.googleadservices.com/pagead/managed/js/activeview/current/reach_worklet.html:0
[  197953ms] [ERROR] Attestation check for Shared Storage on https://www.googleadservices.com failed. @ https://www.googleadservices.com/pagead/managed/js/activeview/current/reach_worklet.html:0
[  200488ms] [ERROR] Attestation check for Shared Storage on https://www.googleadservices.com failed. @ https://www.googleadservices.com/pagead/managed/js/activeview/current/reach_worklet.html:0
[  200590ms] [ERROR] Attestation check for Shared Storage on https://www.googleadservices.com failed. @ https://www.googleadservices.com/pagead/managed/js/activeview/current/reach_worklet.html:0
[  200726ms] [ERROR] Attestation check for Shared Storage on https://www.googleadservices.com failed. @ https://www.googleadservices.com/pagead/managed/js/activeview/current/reach_worklet.html:0
[  203558ms] [ERROR] Attestation check for Shared Storage on https://www.googleadservices.com failed. @ https://www.googleadservices.com/pagead/managed/js/activeview/current/reach_worklet.html:0
[  203665ms] [ERROR] Attestation check for Attribution Reporting on https://ad.doubleclick.net failed. @ https://www.menshealth.com/entertainment/g70113288/best-movies-2026/?utm_source=google&utm_medium=cpc&utm_campaign=mgu_ga_mnh_d_bm_prog_org_us_g70113288&gad_source=1&gad_campaignid=23539275257&gbraid=0AAAAACrVUPmCsw-AXGpSza6PfxWWffG6y&gclid=EAIaIQobChMIv_GWnZ-6lQMVG2lHAR1E_iqeEAAYASAAEgL5Z_D_BwE:0
[  203666ms] [ERROR] Attestation check for Shared Storage on https://www.googleadservices.com failed. @ https://www.googleadservices.com/pagead/managed/js/activeview/current/reach_worklet.html:0
[  203696ms] [WARNING] GSAP target .lgArt2 not found. https://greensock.com @ https://cdnjs.cloudflare.com/ajax/libs/gsap/3.12.2/gsap.min.js:9
[   47612ms] [ERROR] Attestation check for Shared Storage on https://www.googleadservices.com failed. @ https://www.googleadservices.com/pagead/managed/js/activeview/current/reach_worklet.html:0
[  170144ms] [ERROR] Attestation check for Shared Storage on https://www.googleadservices.com failed. @ https://www.googleadservices.com/pagead/managed/js/activeview/current/reach_worklet.html:0
[  170149ms] [ERROR] Attestation check for Shared Storage on https://www.googleadservices.com failed. @ https://www.googleadservices.com/pagead/managed/js/activeview/current/reach_worklet.html:0
[  175174ms] [ERROR] Attestation check for Shared Storage on https://www.googleadservices.com failed. @ https://www.googleadservices.com/pagead/managed/js/activeview/current/reach_worklet.html:0
[  175175ms] [ERROR] Attestation check for Shared Storage on https://www.googleadservices.com failed. @ https://www.googleadservices.com/pagead/managed/js/activeview/current/reach_worklet.html:0
[  178994ms] [ERROR] Attestation check for Shared Storage on https://www.googleadservices.com failed. @ https://www.googleadservices.com/pagead/managed/js/activeview/current/reach_worklet.html:0
[  178996ms] [ERROR] Attestation check for Shared Storage on https://www.googleadservices.com failed. @ https://www.googleadservices.com/pagead/managed/js/activeview/current/reach_worklet.html:0
[  183875ms] [ERROR] Attestation check for Shared Storage on https://www.googleadservices.com failed. @ https://www.googleadservices.com/pagead/managed/js/activeview/current/reach_worklet.html:0
[  183983ms] [ERROR] Attestation check for Shared Storage on https://www.googleadservices.com failed. @ https://www.googleadservices.com/pagead/managed/js/activeview/current/reach_worklet.html:0
[  184407ms] [ERROR] Attestation check for Shared Storage on https://www.googleadservices.com failed. @ https://www.googleadservices.com/pagead/managed/js/activeview/current/reach_worklet.html:0
[  190000ms] [ERROR] Attestation check for Shared Storage on https://www.googleadservices.com failed. @ https://www.googleadservices.com/pagead/managed/js/activeview/current/reach_worklet.html:0
[  190105ms] [ERROR] Attestation check for Shared Storage on https://www.googleadservices.com failed. @ https://www.googleadservices.com/pagead/managed/js/activeview/current/reach_worklet.html:0
[  190220ms] [ERROR] Attestation check for Shared Storage on https://www.googleadservices.com failed. @ https://www.googleadservices.com/pagead/managed/js/activeview/current/reach_worklet.html:0
[  190222ms] [ERROR] Attestation check for Shared Storage on https://www.googleadservices.com failed. @ https://www.googleadservices.com/pagead/managed/js/activeview/current/reach_worklet.html:0
[  193274ms] [ERROR] Attestation check for Shared Storage on https://www.googleadservices.com failed. @ https://www.googleadservices.com/pagead/managed/js/activeview/current/reach_worklet.html:0
[  193276ms] [ERROR] Attestation check for Shared Storage on https://www.googleadservices.com failed. @ https://www.googleadservices.com/pagead/managed/js/activeview/current/reach_worklet.html:0
[  194861ms] [ERROR] Attestation check for Shared Storage on https://www.googleadservices.com failed. @ https://www.googleadservices.com/pagead/managed/js/activeview/current/reach_worklet.html:0
[  194963ms] [ERROR] Attestation check for Shared Storage on https://www.googleadservices.com failed. @ https://www.googleadservices.com/pagead/managed/js/activeview/current/reach_worklet.html:0
[  197953ms] [ERROR] Attestation check for Shared Storage on https://www.googleadservices.com failed. @ https://www.googleadservices.com/pagead/managed/js/activeview/current/reach_worklet.html:0
[  200488ms] [ERROR] Attestation check for Shared Storage on https://www.googleadservices.com failed. @ https://www.googleadservices.com/pagead/managed/js/activeview/current/reach_worklet.html:0
[  200590ms] [ERROR] Attestation check for Shared Storage on https://www.googleadservices.com failed. @ https://www.googleadservices.com/pagead/managed/js/activeview/current/reach_worklet.html:0
[  200726ms] [ERROR] Attestation check for Shared Storage on https://www.googleadservices.com failed. @ https://www.googleadservices.com/pagead/managed/js/activeview/current/reach_worklet.html:0
[  203558ms] [ERROR] Attestation check for Shared Storage on https://www.googleadservices.com failed. @ https://www.googleadservices.com/pagead/managed/js/activeview/current/reach_worklet.html:0
[  203666ms] [ERROR] Attestation check for Shared Storage on https://www.googleadservices.com failed. @ https://www.googleadservices.com/pagead/managed/js/activeview/current/reach_worklet.html:0
[  203775ms] [ERROR] Attestation check for Shared Storage on https://www.googleadservices.com failed. @ https://www.googleadservices.com/pagead/managed/js/activeview/current/reach_worklet.html:0
[  203825ms] [LOG] subtitle = APR offer for well-qualified customers. @ https://s0.2mdn.net/sadbundle/1463706185898131456/logic.js:74
[  204005ms] [TIMEEND] a: 0.0009765625 ms @ https://static.adsafeprotected.com/sca.17.6.4.js:31
[  204016ms] [TIMEEND] a: 0 ms @ https://static.adsafeprotected.com/sca.17.6.4.js:31
